LAT,LONG,VEH,PED
43.649418000000004,-79.371446,15662,13535
43.6504606,-79.3719239,12960,7333
43.6515337,-79.37236,17770,7083
43.6527176,-79.37282400000001,19678,4369
43.653704000000005,-79.373238,14487,3368
43.655357,-79.373862,15846,3747
43.657052,-79.374531,17835,5858
43.660432,-79.37585370000001,18196,6493
43.662420000000004,-79.3767079,14222,6165
43.666289400000004,-79.378325,18163,5213
43.668869,-79.3794158,15197,2713
43.6699892,-79.3799226,16280,2976
43.6715773,-79.38052,15844,9810
43.648513176,-79.37383353700001,10467,7381
43.6499164,-79.374409,12017,20866
43.651173,-79.374925,13816,9692
43.652441,-79.375448,10374,7179
43.65317,-79.375754,13867,11799
43.654817,-79.376441,11028,6952
43.656499000000004,-79.377127,13764,10302
43.659858,-79.378522,13437,15840
43.661871000000005,-79.37933500000001,11648,11072
43.665703400000005,-79.38092800000001,12231,12520
43.671022400000005,-79.38312300000001,18339,27313
43.6506539,-79.37724800000001,9968,18326
43.651952200000004,-79.377756,11767,10589
43.652670300000004,-79.378066,10087,24100
43.646846000000004,-79.376931,10996,10950
43.6478484,-79.377351,13620,26656
43.6491624,-79.377904,10911,14579
43.650419,-79.37843600000001,12454,11224
43.651697000000006,-79.37896500000001,9390,19530
43.6524209,-79.379276,10956,21936
43.654066,-79.379957,9525,15491
43.656326,-79.38091200000001,10925,34615
43.6590897,-79.382096,10019,21562
43.661368700000004,-79.383094,13438,32030
43.6649351,-79.384558,9051,19591
43.670229000000006,-79.386767,14398,23335
43.672879,-79.387845,15532,7870
43.6756028,-79.38895000000001,13870,3434
43.676976200000006,-79.38953400000001,10193,3758
43.6791392,-79.39042400000001,15632,4127
43.6820226,-79.391574,14363,6199
43.688075000000005,-79.394098,20437,10303
43.698297700000005,-79.396601,19703,18330
43.702508,-79.397458,14040,3776
43.7067501,-79.398311,23360,20902
43.709554000000004,-79.398943,16937,14176
43.7118551,-79.399437,15456,3080
43.716605,-79.400452,19891,1438
43.7195544,-79.40109000000001,14632,1311
43.721971,-79.40155700000001,18003,1409
43.725103100000005,-79.40219300000001,24489,9198
43.727864200000006,-79.40293000000001,18308,5040
43.730913,-79.403788,19161,3893
43.7343677,-79.40458500000001,24567,2215
43.645996000000004,-79.379115,18965,17115
43.647345,-79.37970200000001,16188,32319
43.648653,-79.380268,15543,47561
43.649876000000006,-79.380823,16489,28424
43.651224400000004,-79.38145200000001,10403,26445
43.65189,-79.381698,15397,20612
43.652965200000004,-79.382631,9430,9629
43.655721,-79.383734,16598,31918
43.658496,-79.384865,19660,12211
43.6608138,-79.385857,17491,24779
43.664366,-79.387151,16636,18418
43.669701,-79.38946800000001,19112,29629
43.6466383,-79.383007,5575,32338
43.647933800000004,-79.383531,12474,20091
43.649196,-79.384074,14130,9142
43.6505005,-79.38462,9677,11122
43.645291,-79.38247600000001,16857,17564
43.646405400000006,-79.38407600000001,18390,18152
43.647655300000004,-79.384788,16694,8406
43.648857,-79.38548,20740,5715
43.6501396,-79.38624,20727,5525
43.650827,-79.386628,23078,10824
43.654812,-79.388484,30191,28927
43.656323,-79.388959,26595,17276
43.659847400000004,-79.39049,20732,12177
43.6636098,-79.39062600000001,15472,5941
43.6659353,-79.391879,12427,1217
43.668685,-79.394119,24059,14885
43.7145838,-79.359791,26029,1107
43.713573000000004,-79.36475200000001,19362,2018
43.7125627,-79.369606,18995,716
43.711056,-79.377114,30378,2880
43.7100093,-79.382221,16885,841
43.7084166,-79.390153,20734,6602
43.707866900000006,-79.39279,14372,6034
43.7063458,-79.40025200000001,15743,1967
43.7051068,-79.406125,13295,488
43.7046104,-79.408474,26329,3717
43.7034761,-79.41388,14096,2607
43.702713100000004,-79.417444,19751,1037
43.702361100000005,-79.419081,20620,416
43.7009757,-79.425534,20547,2504
43.6998248,-79.43096100000001,15770,783
43.698048,-79.439379,17430,1355
43.697293200000004,-79.442789,17171,3006
43.696242000000005,-79.447688,7308,2900
43.695684,-79.450293,22212,8427
43.694985,-79.45347600000001,9802,3069
43.672136,-79.395624,14811,2673
43.674705,-79.396651,31510,4661
43.67719,-79.39757900000001,16518,642
43.679547500000005,-79.39855,18929,662
43.684324100000005,-79.400495,23332,1605
43.686624,-79.40147900000001,29303,4696
43.690773,-79.40302700000001,19162,807
43.693729700000006,-79.401852,19054,195
43.6978798,-79.403231,14555,716
43.698761000000005,-79.406076,19127,601
43.710333000000006,-79.411119,18012,970
43.71696,-79.413444,22274,416
43.7222401,-79.41558900000001,27712,2674
43.727900000000005,-79.417894,20920,1089
43.733200000000004,-79.41951,22365,1366
43.7359103,-79.4201,16556,638
43.7398627,-79.421636,33867,1383
43.744121,-79.40672400000001,38102,1068
43.7615144,-79.410903,38219,12257
43.7692945,-79.412931,21274,11387
43.773798,-79.414034,20746,5164
43.779790000000006,-79.41556,29978,13027
43.7870804,-79.417327,28482,2794
43.7938145,-79.418991,25570,1461
43.798049000000006,-79.42006400000001,42005,6483
43.674577500000005,-79.380161,15595,1057
43.6883196,-79.383542,16844,493
43.690374000000006,-79.38328800000001,16436,366
43.693603800000005,-79.3846212,14138,237
43.698204600000004,-79.386448,19066,744
43.7003222,-79.386937,20037,2463
43.704309900000005,-79.388524,16260,1698
43.711129,-79.391181,16019,1976
43.7178824,-79.394131,17509,381
43.722309900000006,-79.395694,11213,186
43.726237038,-79.396790564,16832,290
43.770604000000006,-79.186884,25440,2070
43.7676558,-79.189555,32159,2590
43.7621101,-79.1947327,23952,850
43.749649000000005,-79.20599200000001,24763,258
43.7437557,-79.211651,26434,306
43.738817000000004,-79.217042,21905,652
43.725113,-79.23245200000001,29118,1137
43.721858000000005,-79.236215,22911,604
43.711111,-79.24819600000001,21013,1644
43.7087694,-79.24975900000001,22525,701
43.703931000000004,-79.252775,20066,394
43.6930141,-79.262326,13485,286
43.691469000000005,-79.264762,10312,559
43.687769800000005,-79.270928,14473,700
43.682270900000006,-79.27921900000001,12928,895
43.680807400000006,-79.284041,14869,2506
43.6802604,-79.2907,11564,821
43.678903000000005,-79.29801,16657,1640
43.676950000000005,-79.30410400000001,12652,778
43.67394,-79.307902,23556,954
43.669951000000005,-79.311169,11441,1020
43.718239000000004,-79.24037200000001,21729,790
43.672219000000005,-79.384788,10903,2212
43.653099000000005,-79.387585,23658,7660
43.694104,-79.36628400000001,18084,52
43.666345,-79.316558,9821,2920
43.6967298,-79.37173200000001,22923,753
43.70096,-79.37332400000001,20257,982
43.704257500000004,-79.374587,18168,2599
43.7069178,-79.375617,13751,2011
43.6825716,-79.39976,21764,702
43.6574,-79.35654000000001,8869,1047
43.659502,-79.357445,6776,718
43.6636874,-79.35923000000001,12274,1068
43.6658819,-79.357365,11198,103
43.6902727,-79.292675,11764,1530
43.7139,-79.377589,16962,1133
43.6493419,-79.42078000000001,11860,7315
43.650140500000006,-79.43971400000001,13572,2756
43.6494457,-79.424738,14775,3301
43.6498834,-79.435598,10205,2094
43.774412500000004,-79.33713200000001,9900,840
43.665693000000005,-79.491175,23158,1243
43.665584,-79.482104,18021,1280
43.665437600000004,-79.468576,9675,2789
43.6653881,-79.464561,19464,4643
43.734076900000005,-79.38141900000001,27993,564
43.6496233,-79.431438,14442,5244
43.740245,-79.232044,15975,1508
43.7388424,-79.238405,18352,987
43.6625165,-79.38637,11998,6448
43.676982,-79.447423,7138,1178
43.6902252,-79.577032328,21314,484
43.652296,-79.40601500000001,15414,10194
43.662597000000005,-79.36400300000001,9592,2707
43.6486354,-79.38655800000001,7279,6248
43.647371,-79.38605000000001,8437,25628
43.720980100000006,-79.378926,24828,765
43.643904000000006,-79.40267,15478,7878
43.726712000000006,-79.30348500000001,23584,1515
43.646303,-79.36629500000001,13327,952
43.641006000000004,-79.380705,13737,2168
43.641609300000006,-79.380953,24814,7285
43.659109,-79.328373,27371,764
43.655081,-79.337519,31363,624
43.651070100000005,-79.346973,10974,41
43.6477572,-79.361271,15771,601
43.645501,-79.369794,22735,1895
43.644197000000005,-79.3758602,10520,2020
43.643170000000005,-79.37791,17008,13149
43.642100400000004,-79.37744400000001,18261,7776
43.653562,-79.36358100000001,9398,685
43.638474,-79.392196,24526,854
43.636444000000004,-79.399607,26327,2277
43.735594000000006,-79.253201,20253,1345
43.617291900000005,-79.48729900000001,8502,1159
43.7056982,-79.42393600000001,8121,751
43.709205700000005,-79.386196,14649,872
43.635866,-79.401893,21335,717
43.634499000000005,-79.408721,25571,163
43.6545488,-79.36399800000001,14745,1642
43.6333865,-79.43458600000001,10490,252
43.6694267,-79.38247600000001,10905,3660
43.638362,-79.45353,30083,301
43.666059447,-79.39317762900001,18591,4063
43.6362217,-79.465271,34804,176
43.635079000000005,-79.46807600000001,37009,263
43.623005474,-79.481143355,18994,1636
43.6149403,-79.488612,8705,2785
43.613712,-79.489287,7610,2022
43.6036287,-79.493109,7179,400
43.6017233,-79.500725,7960,1409
43.711040775,-79.505969882,26623,186
43.600006300000004,-79.508604,7847,1503
43.598158100000006,-79.516936,16881,1076
43.5972121,-79.521281,15944,2967
43.5953296,-79.5296733,11260,638
43.594339100000006,-79.53393200000001,11202,786
43.593382000000005,-79.538092,13675,1763
43.592354742000005,-79.54258471700001,12072,987
43.591686475,-79.54382121600001,10946,280
43.6515514,-79.36273100000001,14319,1680
43.6527207,-79.36321600000001,10781,2650
43.6556093,-79.364434,10563,4769
43.6569464,-79.364973,8907,2584
43.659443800000005,-79.365987,11666,6698
43.6619557,-79.367007,13840,4702
43.6642686,-79.367958,8226,7385
43.668161000000005,-79.36953700000001,12878,4674
43.672016,-79.37076400000001,17264,481
43.650382,-79.36789200000001,13597,4256
43.651281700000006,-79.368252,10293,4473
43.652149200000004,-79.368634,11996,5275
43.6533796,-79.36911400000001,14364,5606
43.6545313,-79.36944000000001,11522,4268
43.658303800000006,-79.37100000000001,11697,5541
43.661228,-79.372218,15254,2040
43.663196500000005,-79.37303800000001,8143,4328
43.6670664,-79.374656,13302,4262
43.672317400000004,-79.376838,15339,6308
43.6447547,-79.38498100000001,11290,31351
43.6460929,-79.385564,9034,17868
43.654313,-79.39143700000001,10100,11071
43.653810400000005,-79.393832,11610,4911
43.6495146,-79.389134,8831,5417
43.648425800000005,-79.393259,9004,7477
43.6491527,-79.390765,8435,14291
43.6473011,-79.39279900000001,10387,9463
43.667509800000005,-79.399815,12249,20185
43.642707900000005,-79.393895,19268,4619
43.6454505,-79.395002,17090,14705
43.6467218,-79.395533,16256,7818
43.6479018,-79.396023,14558,9693
43.648731500000004,-79.396364,15709,19460
43.6529371,-79.398015,11107,26960
43.655859,-79.39920500000001,6586,7440
43.6579399,-79.400059,14353,10810
43.663064600000006,-79.40210400000001,17579,7679
43.6666551,-79.40380300000001,16003,16470
43.6702347,-79.36019300000001,17633,3
43.668659600000005,-79.3175222,11544,1007
43.667827100000004,-79.322316,8142,834
43.667576700000005,-79.32660100000001,11219,1168
43.6667337,-79.331711,7585,992
43.6661633,-79.334282,12020,1377
43.665391,-79.339234,10320,1072
43.6648245,-79.34159700000001,13161,1241
43.663931000000005,-79.343869,9975,821
43.663184900000005,-79.348202,9276,1155
43.662445600000005,-79.35135700000001,11422,2259
43.6611902,-79.358131,14073,1407
43.6761964,-79.358828,19400,12023
43.6738355,-79.36812,16611,1040
43.6471973,-79.403991,14588,10895
43.640732,-79.40137800000001,12726,830
43.646453,-79.403717,11748,3918
43.6357092,-79.403524,20230,132
43.656469,-79.407705,14329,8776
43.665504500000004,-79.316201,12217,533
43.661559800000006,-79.329482,12068,1535
43.661515200000004,-79.40974800000001,15337,3012
43.6681481,-79.412374,19364,2617
43.673140000000004,-79.414344,20173,1975
43.6798123,-79.41699,17065,840
43.687185,-79.419939,17157,508
43.6919174,-79.421873,19676,345
43.7052047,-79.42634600000001,17781,782
43.707900800000004,-79.42702200000001,20567,572
43.710496000000006,-79.42768600000001,18617,924
43.7123271,-79.42813100000001,15498,1482
43.7159806,-79.428973,19333,1139
43.723083300000006,-79.430627,17368,687
43.724954800000006,-79.431053,17900,396
43.726958100000004,-79.43151300000001,12621,666
43.731534,-79.432603,18391,991
43.7339965,-79.433194,19525,1340
43.6561711,-79.370091,9862,3786
43.737360900000006,-79.43400600000001,25136,6296
43.665132,-79.41120500000001,17508,12167
43.663460400000005,-79.41883700000001,9761,5757
43.6625011,-79.4232537,8690,2426
43.661163,-79.4294309,14725,2966
43.6598765,-79.435333,20038,12277
43.6583465,-79.44271400000001,17274,3872
43.6563079,-79.45240600000001,19755,5303
43.6546856,-79.45996600000001,24538,3018
43.6535154,-79.465232,13028,1996
43.6525024,-79.47000700000001,12170,1826
43.651147800000004,-79.47622700000001,14213,11632
43.6502634,-79.4804017,13640,5135
43.649331200000006,-79.484452,17570,3485
43.648304,-79.485695,18595,1640
43.6496427,-79.495413,15806,496
43.6500629,-79.499278,13797,213
43.648666500000004,-79.50543300000001,21167,1187
43.6473438,-79.511352,23173,3056
43.6446586,-79.52339900000001,25266,1833
43.6480289,-79.508356,13796,722
43.6619709,-79.4256122,15518,8063
43.677544600000004,-79.35194100000001,10312,4132
43.6779704,-79.34966800000001,11526,6884
43.6784175,-79.34731500000001,10706,3431
43.678903500000004,-79.344862,18115,14052
43.6798433,-79.340118,13163,2832
43.6804049,-79.33727,13674,4429
43.6814824,-79.33234,15446,3536
43.6833979,-79.323565,19534,7267
43.6846558,-79.31770800000001,11852,1152
43.6856712,-79.31274900000001,19125,5227
43.686685600000004,-79.308555,12852,1663
43.6881587,-79.301805,15646,7102
43.689340800000004,-79.296806,13932,1414
43.6912366,-79.28831100000001,21459,5470
43.692320800000005,-79.28336900000001,16757,831
43.6936851,-79.277105,13682,113
43.6943678,-79.273638,16187,488
43.696986800000005,-79.26399,10152,230
43.692865700000006,-79.27303900000001,11986,138
43.6869115,-79.28656000000001,18821,1343
43.6851543,-79.294787,11353,300
43.68397,-79.300173,16181,1627
43.6826695,-79.306033,8606,348
43.680857800000005,-79.31078000000001,16958,1499
43.6780781,-79.315011,5543,513
43.6753292,-79.320299,10215,1892
43.6728936,-79.31928500000001,10418,5069
43.670914700000004,-79.32799700000001,12563,2050
43.6692181,-79.33559600000001,11491,2189
43.668130600000005,-79.340405,9482,2677
43.6676233,-79.342753,14270,3177
43.667097500000004,-79.34517500000001,9363,2688
43.6654793,-79.352604,10982,5053
43.7147913,-79.260862,9900,91
43.700172900000005,-79.27272,8898,164
43.724859,-79.25398200000001,12456,839
43.7351797,-79.247409,15225,560
43.737096300000005,-79.246256,22844,1340
43.7555379,-79.245446,28053,2239
43.6744621,-79.399843,17560,1271
43.6757919,-79.402557,15220,1769
43.676832700000006,-79.410337,19157,1078
43.6766969,-79.41576500000001,20361,657
43.6755775,-79.42304100000001,12464,866
43.6746958,-79.430924,12077,431
43.674395100000005,-79.433746,15267,974
43.672983800000004,-79.440961,19252,1293
43.6715588,-79.448265,13178,1151
43.6710835,-79.451069,13876,159
43.6710913,-79.462297,8478,144
43.7168627,-79.259873,20237,420
43.753277000000004,-79.5426913,14923,695
43.682163300000006,-79.471576,16248,3586
43.681591000000004,-79.47674500000001,24380,2705
43.743204452,-79.42415446000001,13653,75
43.761852000000005,-79.215817,18423,800
43.7566548,-79.24020200000001,17430,849
43.710300200000006,-79.47189800000001,19469,938
43.734534000000004,-79.355951,28979,352
43.736490700000004,-79.34652700000001,21144,1538
43.7371593,-79.343417,30555,2471
43.7376884,-79.340967,22686,1260
43.740785100000004,-79.32465400000001,28290,775
43.699061722,-79.258600473,8736,140
43.7411824,-79.31924500000001,27922,1144
43.7421116,-79.309773,39515,4699
43.74322,-79.30462700000001,46260,1965
43.745377600000005,-79.29475000000001,36985,2352
43.7475,-79.28482000000001,28213,1125
43.748536389,-79.27971884600001,18751,861
43.74954,-79.27493000000001,33852,2846
43.75157,-79.26503000000001,28584,2163
43.75349,-79.25536100000001,28408,818
43.7543,-79.25153,16451,565
43.75773,-79.23525000000001,27182,1329
43.70704,-79.26811000000001,12128,953
43.69726,-79.27481,15485,385
43.75817,-79.23306000000001,18245,884
43.75981,-79.22531000000001,25775,4798
43.7244,-79.4056,16248,593
43.72086,-79.42246,16089,493
43.71929,-79.42976,22429,3429
43.71748,-79.4377,15584,175
43.7156,-79.4465,26015,2862
43.71407,-79.4547,29053,2378
43.71148,-79.46658000000001,26171,930
43.70871,-79.47805000000001,28931,6505
43.706390000000006,-79.48767000000001,21351,1630
43.702890000000004,-79.50377,25776,4386
43.700140000000005,-79.51624000000001,15780,4089
43.69816,-79.52328,17799,265
43.69986,-79.5342,18293,403
43.69708,-79.54672000000001,31673,1581
43.694300000000005,-79.55865,21477,1693
43.693406808000006,-79.562481344,14048,241
43.6916,-79.57084,18377,352
43.700300000000006,-79.42881,13794,1025
43.68128,-79.35767,9311,833
43.683910000000004,-79.35694000000001,14845,1027
43.68854,-79.35524000000001,10153,544
43.69323,-79.35026,20064,846
43.69471,-79.34309,18634,366
43.695570000000004,-79.33963,27109,84
43.697770000000006,-79.32947,19888,279
43.70015,-79.31905,30375,136
43.70539,-79.31285000000001,25974,684
43.71247,-79.30744,14156,186
43.723380000000006,-79.30207,27980,1929
43.72493,-79.30047,29192,446
43.724740000000004,-79.30264000000001,33095,2166
43.725660000000005,-79.29747,33335,1396
43.71703,-79.3499,35069,194
43.7205,-79.33888,45185,2597
43.726020000000005,-79.31349,29625,1016
43.72787,-79.28761,35905,1947
43.729380000000006,-79.28070000000001,19797,672
43.72999,-79.27784000000001,39450,3069
43.731480000000005,-79.27120000000001,18929,585
43.732240000000004,-79.26797,29069,1957
43.734550000000006,-79.2581,30334,2723
43.736720000000005,-79.24806000000001,27971,2174
43.74322,-79.21893,18188,4335
43.694140000000004,-79.45725,11503,588
43.693020000000004,-79.46219,18790,1678
43.69097,-79.47149,14227,912
43.69017,-79.47501000000001,23992,4103
43.686980000000005,-79.48951000000001,22533,2203
43.69084,-79.47539,15879,203
43.70694,-79.30583,13632,1170
43.7087726,-79.2959584,28021,2634
43.70987,-79.29093,24239,414
43.71204,-79.28099,27581,741
43.71414,-79.2711,22253,1019
43.71651,-79.26132000000001,18913,363
43.71873,-79.25126,13859,446
43.67692,-79.35508,9921,3294
43.685320000000004,-79.40789000000001,11716,834
43.68462,-79.41116000000001,17770,2028
43.68314,-79.41828000000001,22508,7838
43.758190000000006,-79.41013000000001,39866,4186
43.71356,-79.3998,16438,5249
43.655240000000006,-79.38599,10171,17916
43.68276,-79.42015,14087,5943
43.6817,-79.42569,13380,2819
43.68028,-79.43251000000001,5493,2989
43.67958,-79.43578000000001,15864,4316
43.67795,-79.44306,18027,11935
43.676280000000006,-79.45058,9082,3079
43.675340000000006,-79.45476000000001,17142,1496
43.67421,-79.46000000000001,9576,1341
43.67353,-79.46302,16915,2020
43.672540000000005,-79.46762000000001,23692,3203
43.66897,-79.48355000000001,17252,1781
43.667210000000004,-79.49174000000001,23568,637
43.66552,-79.49919,18883,344
43.720870000000005,-79.24142,12683,585
43.68896,-79.38987800000001,12494,975
43.768440000000005,-79.1862,15697,1614
43.699290000000005,-79.51986000000001,13616,389
43.723200000000006,-79.41131,14040,756
43.766220000000004,-79.19642,18323,1272
43.746100000000006,-79.29125,22741,395
43.7254,-79.41687,19834,1033
43.697953000000005,-79.424341,16511,282
43.69529,-79.42322,15207,339
43.68623,-79.39331,14736,5086
43.74728,-79.40744000000001,27056,710
43.665910000000004,-79.40743,8340,7093
43.66803,-79.39736,10868,10951
43.63107,-79.54690000000001,22100,243
43.754340000000006,-79.31400000000001,19811,484
43.713800000000006,-79.29804,10590,302
43.730410000000006,-79.30498,13624,493
43.7363,-79.30739,23282,238
43.747980000000005,-79.3118,19147,502
43.75788,-79.31522000000001,26566,3342
43.76303,-79.31751,21525,449
43.717196,-79.299491,12265,119
43.718900000000005,-79.30453,13161,740
43.72934,-79.51064000000001,14139,737
43.658350000000006,-79.48817000000001,12477,1232
43.662000000000006,-79.48965000000001,10982,378
43.671690000000005,-79.49374,13768,1464
43.676230000000004,-79.49565000000001,14196,645
43.678960000000004,-79.49685000000001,14364,441
43.681110000000004,-79.49772,13498,270
43.691320000000005,-79.50088000000001,25124,3481
43.697610000000005,-79.50237,17286,1500
43.70926,-79.50555,25085,1172
43.71544,-79.50715000000001,26241,1354
43.72091,-79.50861,28996,5651
43.73942,-79.51319000000001,22149,2188
43.757270000000005,-79.51776000000001,31117,6797
43.775490000000005,-79.52168,33610,1910
43.68679,-79.59552000000001,20332,512
43.642920000000004,-79.40767000000001,11450,2931
43.642050000000005,-79.41194,13533,4681
43.63897,-79.42736000000001,13926,5310
43.63718,-79.43602,12167,5191
43.67472,-79.39287,15594,1209
43.65204,-79.40227,9481,4598
43.65889,-79.34982000000001,10844,4441
43.660521200000005,-79.3424768,11325,3049
43.661080000000005,-79.34007000000001,12361,3128
43.662690000000005,-79.33279,8225,1549
43.663270000000004,-79.33021000000001,8546,1685
43.668780000000005,-79.3058,17305,2993
43.670500000000004,-79.298,15374,3476
43.67098,-79.29574000000001,10618,3167
43.67269,-79.28756,9048,2129
43.64806,-79.39966000000001,7737,6250
43.64602,-79.40993,7820,1231
43.644740000000006,-79.41628,11185,2755
43.644204,-79.418862,11628,4053
43.643510000000006,-79.42240000000001,10043,1734
43.699310906,-79.43339467,17549,344
43.63871,-79.44619,11428,2278
43.63953,-79.45948,14367,642
43.63777,-79.46645000000001,16297,455
43.63721,-79.46983,18547,1446
43.630410000000005,-79.48422000000001,19213,324
43.62906,-79.49031000000001,25901,519
43.62635,-79.50258000000001,23495,1832
43.62534,-79.50722,22298,448
43.62364,-79.51478,41090,1139
43.62098,-79.52673,33000,355
43.80409,-79.33630000000001,15009,596
43.61777,-79.54085,20873,428
43.63627,-79.40961,11246,265
43.668350000000004,-79.38203,9670,4585
43.64493,-79.45626,14077,911
43.64866,-79.45778,14984,583
43.65832,-79.4615,14910,1487
43.66366,-79.46375,17195,933
43.68338,-79.48029000000001,22850,687
43.68426,-79.48401000000001,7904,410
43.68867,-79.49417000000001,8253,569
43.69624,-79.50817,6704,458
43.700630000000004,-79.51777,6855,1228
43.70105,-79.51944,9568,1392
43.70304,-79.52536,9201,721
43.70635,-79.53229,20337,261
43.71188,-79.53545000000001,28448,197
43.71483,-79.53665000000001,31921,117
43.716971225,-79.537486813,16101,669
43.733760000000004,-79.53824,19786,450
43.752100000000006,-79.54242,33275,3092
43.68493,-79.47278,9466,1348
43.69436,-79.47479,11967,274
43.699450000000006,-79.47595000000001,16893,1689
43.70293,-79.47673,14349,676
43.714800000000004,-79.47942,20077,222
43.72122,-79.4809,33776,316
43.724385000000005,-79.48159700000001,32531,487
43.726702,-79.482042,37314,3224
43.730339300000004,-79.48290200000001,20253,778
43.733587,-79.48367,19865,526
43.744786600000005,-79.48632400000001,28633,2043
43.7634806,-79.490976,14038,1885
43.781523,-79.494495,39154,1414
43.688734700000005,-79.40231100000001,21501,933
43.71562,-79.305035,10868,637
43.6525538,-79.432536,14803,5131
43.6552105,-79.43356800000001,10922,378
43.665828600000005,-79.437886,12163,911
43.6684721,-79.439014,21475,2644
43.6823708,-79.44484800000001,12149,551
43.6855558,-79.446104,18229,2065
43.688628,-79.44738500000001,12682,469
43.700751700000005,-79.451768,22169,1115
43.707002100000004,-79.45321200000001,19806,1073
43.720449,-79.45610400000001,19721,1334
43.7217507,-79.45641300000001,24404,787
43.7269726,-79.457655,27257,249
43.732080700000004,-79.45889700000001,19454,1122
43.7688703,-79.466898,35560,1056
43.7872672,-79.470123,37360,1877
43.7099841,-79.33438500000001,32000,6014
43.716545700000005,-79.337275,25442,872
43.7191909,-79.60347,18772,270
43.727637400000006,-79.34081300000001,24273,933
43.74085,-79.344418,26186,199
43.732251000000005,-79.34210300000001,22907,452
43.7557927,-79.347046,36703,2306
43.7750865,-79.34703,38172,1531
43.7873456,-79.353004,22979,1507
43.7791002,-79.34872700000001,21140,2285
43.734582800000005,-79.44720000000001,21511,475
43.751659200000006,-79.45672900000001,32661,2093
43.755336500000006,-79.45992000000001,5324,102
43.7520138,-79.488128,11576,237
43.7617546,-79.347221,23590,1294
43.7019656,-79.50830900000001,12971,1511
43.6226531,-79.519097,15888,130
43.7389792,-79.53946280000001,12974,1048
43.7417938,-79.225156,18274,1023
43.75484,-79.40884,42568,10
43.6511963,-79.445285,13636,608
43.7109681,-79.28593000000001,16009,331
43.697210000000005,-79.34914,19015,141
43.7364307,-79.381904,28651,517
43.7480641,-79.38414300000001,26296,482
43.7548163,-79.38552700000001,19359,606
43.7619212,-79.38685600000001,34224,116
43.764483000000006,-79.38737900000001,38081,354
43.766624400000005,-79.38804400000001,48835,2161
43.7743467,-79.389797,21680,244
43.784989100000004,-79.392235,37045,1087
43.7923392,-79.393624,25686,538
43.8032514,-79.396314,37327,470
43.7880388,-79.392735,19775,771
43.693593,-79.29727000000001,8060,371
43.7022923,-79.296947,7243,1177
43.6948671,-79.304747,8472,1003
43.68882,-79.325838,9053,2703
43.686891200000005,-79.334692,8093,748
43.685836,-79.33951900000001,7811,894
43.692772600000005,-79.315855,14660,714
43.6905966,-79.326553,12385,947
43.6886426,-79.335443,10268,792
43.687604900000004,-79.34022800000001,12339,712
43.685721,-79.34763860000001,16061,1819
43.696434100000005,-79.31742,13743,878
43.6941379,-79.32800300000001,13156,1838
43.6920347,-79.33772300000001,8030,229
43.6911338,-79.34167000000001,13087,462
43.6893922,-79.34881,13186,7481
43.741497300000006,-79.43502000000001,15664,748
43.7472416,-79.436456,18000,462
43.7554527,-79.438452,28885,2442
43.762444200000004,-79.440171,12940,935
43.7686039,-79.441657,17483,170
43.7738567,-79.44297800000001,35888,6373
43.781068700000006,-79.44481,25127,1614
43.785938,-79.446008,21721,1193
43.79245,-79.44571400000001,36119,3202
43.707478,-79.343608,17874,2479
43.705011000000006,-79.349824,14180,2178
43.710376000000004,-79.363498,15150,1029
43.703231,-79.360591,22733,174
43.704803000000005,-79.368108,7982,976
43.7035751,-79.3643727,5206,581
43.702467000000006,-79.361576,8873,118
43.7019,-79.35809,15467,164
43.70196,-79.35288,23732,250
43.7374184,-79.30226950000001,11729,933
43.70369,-79.27748000000001,8457,821
43.7215184,-79.2850107,16573,763
43.772980000000004,-79.27297,19487,227
43.76943,-79.28226000000001,29981,1487
43.7590889,-79.3102192,24438,1697
43.76127,-79.30072,38566,1108
43.763470000000005,-79.29137,32431,1683
43.76587,-79.28109,28790,1728
43.767990000000005,-79.27111000000001,25211,512
43.77013,-79.26128,24054,677
43.772200000000005,-79.25149,29600,1601
43.77442,-79.24171000000001,20222,840
43.7939,-79.23876,31662,1054
43.776450000000004,-79.23174,30563,3011
43.77351,-79.23066,18729,1380
43.757850000000005,-79.22469000000001,15767,2065
43.63421,-79.51910000000001,19564,856
43.651410000000006,-79.52639,31272,376
43.662420000000004,-79.53116,17332,221
43.66839,-79.53383000000001,18172,97
43.679860000000005,-79.53898000000001,32669,985
43.6832,-79.54050000000001,16055,214
43.68864,-79.54286,20731,546
43.70816,-79.55176,26521,143
43.71143,-79.55328,25740,180
43.713770000000004,-79.55491,20171,91
43.71696,-79.55597,17107,1120
43.72318,-79.55888,16084,1335
43.73727,-79.56531000000001,28222,997
43.71336,-79.55972,14706,309
43.78535,-79.19337,17062,1660
43.703970000000005,-79.41167,10687,1811
43.67725,-79.47187000000001,16442,270
43.81165,-79.32339,16977,1189
43.72514,-79.55051,15959,291
43.625260000000004,-79.52845,23183,255
43.63154,-79.53102,20231,300
43.65101,-79.53933,17805,148
43.65988,-79.54323000000001,15208,286
43.670120000000004,-79.54773,12983,119
43.67725,-79.5509,31302,1176
43.68564,-79.55468,15510,579
43.704910000000005,-79.56347000000001,20664,235
43.71173,-79.56670000000001,32041,1658
43.72814,-79.57465,9940,981
43.739700000000006,-79.58033,24839,720
43.608360000000005,-79.55863000000001,16464,29
43.740880000000004,-79.35745,16088,248
43.746,-79.3585,21689,618
43.75873,-79.36128000000001,23421,825
43.75271,-79.45190000000001,21079,1444
43.758970000000005,-79.42254,13952,390
43.764030000000005,-79.39968,18332,332
43.767860000000006,-79.38314000000001,22684,1073
43.76925,-79.37663,18538,367
43.77169,-79.36416,43601,1803
43.773770000000006,-79.35333,18536,378
43.77628,-79.34112,31362,157
43.775890000000004,-79.33775,37615,327
43.775270000000006,-79.32301000000001,27789,3263
43.77653,-79.31775,23952,830
43.77875,-79.30789,27706,2612
43.781090000000006,-79.2981,27624,2561
43.783300000000004,-79.28824,34649,4037
43.76726,-79.36365,36440,141
43.76384,-79.36192000000001,39785,197
43.752970000000005,-79.35995000000001,34929,1102
43.75893,-79.33403,20345,364
43.7607,-79.327757,15574,1324
43.769472089000004,-79.32053554800001,27582,28
43.766940000000005,-79.31918,35267,0
43.771566534,-79.304899276,31051,14
43.76903,-79.30366000000001,31679,13
43.6060424,-79.54714080000001,19000,116
43.601690000000005,-79.54523,15384,542
43.607220000000005,-79.52074,16598,699
43.61589,-79.52461000000001,27591,1056
43.596430000000005,-79.52497000000001,10258,1358
43.60071,-79.518,9660,794
43.71058,-79.37965,16650,648
43.678450000000005,-79.44084000000001,7611,2837
43.604850000000006,-79.49897,3813,488
43.608160000000005,-79.50034000000001,3348,203
43.6987,-79.43643,26562,5466
43.612260000000006,-79.49672000000001,6453,895
43.616966678000004,-79.518828392,13910,58
43.6184,-79.51133,16371,125
43.660700000000006,-79.5104,19911,385
43.6488,-79.52873000000001,20467,1662
43.63215,-79.54477,26144,533
43.63613,-79.54011,24546,1332
43.696180000000005,-79.53271000000001,13369,352
43.682320000000004,-79.52656,27112,449
43.676860000000005,-79.50595,10743,329
43.68081,-79.50881000000001,12700,156
43.683930000000004,-79.51135000000001,27560,931
43.648810000000005,-79.54897000000001,15923,369
43.674510000000005,-79.56321,30870,705
43.68334,-79.56712,10236,896
43.69292,-79.57152,13000,36
43.701980000000006,-79.57560000000001,11866,103
43.71388,-79.58106000000001,21340,486
43.741980000000005,-79.59424,24263,1831
43.636950000000006,-79.5567,29287,742
43.63564,-79.56230000000001,22993,1170
43.692260000000005,-79.56771,21135,2
43.72037,-79.53746000000001,19649,386
43.68902,-79.46054000000001,7984,569
43.698460000000004,-79.46351,17695,330
43.697030000000005,-79.46795,9947,67
43.68715,-79.43868,13218,1539
43.68311,-79.45801,16541,1438
43.682790000000004,-79.46331,9706,1050
43.689930000000004,-79.43575,6617,219
43.692660000000004,-79.44082,12014,1273
43.709,-79.44378,13277,952
43.702270000000006,-79.44108,13325,1280
43.78867,-79.40993,16804,278
43.781650000000006,-79.40709000000001,24035,641
43.76108,-79.49997,19759,3050
43.75493,-79.52861,35518,26
43.753310000000006,-79.53625000000001,34065,435
43.749990000000004,-79.55227000000001,23803,1329
43.77651,-79.43023000000001,17028,557
43.717740000000006,-79.52303,14275,152
43.73662,-79.43785000000001,15426,655
43.72341,-79.49680000000001,14784,461
43.6539,-79.3585,15431,1266
43.656650000000006,-79.34886,13578,226
43.65787,-79.34137700000001,10832,609
43.65842,-79.33894000000001,13597,385
43.64819,-79.35475000000001,10659,390
43.64394,-79.36897,7542,922
43.72305,-79.33956,25791,1249
43.69523,-79.48761,8060,573
43.676480000000005,-79.30894,10426,698
43.65921,-79.39345,11346,7722
43.657430000000005,-79.40318,10055,3491
43.6587,-79.39598000000001,13259,16624
43.655,-79.41561,7478,4262
43.654430000000005,-79.42268,13223,5290
43.65364,-79.42638000000001,11340,4611
43.651,-79.44002,11489,1621
43.64636,-79.44903000000001,6002,2052
43.651520000000005,-79.45104,8973,1781
43.66227,-79.40597000000001,8846,1887
43.659960000000005,-79.41747000000001,9549,1833
43.65854,-79.42431,11364,894
43.6621,-79.39760000000001,5840,5051
43.66411,-79.39841,10431,21163
43.6647,-79.39572000000001,6686,3033
43.67488,-79.40711,20652,4549
43.67165,-79.42156,15016,2610
43.67011,-79.42904,15570,1091
43.66973,-79.43273,15077,691
43.66675,-79.44642,18677,2331
43.665760000000006,-79.45126,13417,1581
43.66288,-79.46924,10236,1068
43.66006,-79.47997000000001,12443,1346
43.66382,-79.48134,7148,765
43.667171800000006,-79.4316982,7058,1267
43.66796,-79.42813000000001,8371,699
43.662356100000004,-79.4444271,10502,1974
43.68869,-79.41265,8695,4816
43.69901,-79.41704,9339,664
43.711490000000005,-79.40125,7313,1144
43.718891,-79.40394900000001,6313,720
43.79026,-79.41813,24599,1121
43.728210000000004,-79.47775,17962,1641
43.764070000000004,-79.20563,15279,654
43.74324,-79.24503,13257,748
43.6873,-79.39800000000001,11639,6520
43.73574,-79.52934,10062,34
43.78537,-79.27855000000001,24715,1223
43.782140000000005,-79.29346000000001,14419,1398
43.77194,-79.32155,31063,2504
43.611250000000005,-79.54672000000001,14078,51
43.610558438000005,-79.549338547,13799,208
43.66301,-79.38376000000001,8449,11734
43.79005,-79.36812,29661,1294
43.792680000000004,-79.35472,32467,2482
43.755970000000005,-79.52428,36041,1708
43.785500000000006,-79.31094,20990,341
43.799150000000004,-79.39516,16921,640
43.710710000000006,-79.45401000000001,17383,1486
43.643357,-79.5724476,20486,312
43.64463,-79.5672,26965,1668
43.66163,-79.33767,8561,2583
43.76762,-79.22833,15510,500
43.78183,-79.23393,31295,475
43.65711,-79.55519000000001,13280,152
43.69198,-79.46535,14756,743
43.628949683,-79.555132846,20729,132
43.627990154,-79.559091566,28800,33
43.62738,-79.56237,28100,223
43.71699,-79.31331,8166,142
43.72372,-79.27531,10556,217
43.735227,-79.27986200000001,17228,177
43.615012746000005,-79.552462344,31020,26
43.696940000000005,-79.55984000000001,13903,310
43.778535000000005,-79.222234,13183,190
43.770270000000004,-79.46071,16903,698
43.69778,-79.25658,10822,349
43.611920000000005,-79.54379,13636,131
43.609060958,-79.548308551,17551,106
43.70387,-79.45246,16771,763
43.67139,-79.39017000000001,11870,8385
43.67309,-79.39084000000001,15657,1507
43.76959,-79.3465,21973,1176
43.760160000000006,-79.32201,11826,800
43.78394,-79.44553,24124,1265
43.6705581,-79.42659760000001,11994,867
43.782680000000006,-79.20497,10871,1490
43.726060000000004,-79.58669,10638,217
43.660700000000006,-79.36046,8486,1513
43.631370000000004,-79.55239,13881,233
43.68451,-79.49881,29408,1265
43.77516,-79.33122,20361,1571
43.67188,-79.57128,17176,127
43.62899,-79.51697,18102,708
43.65742,-79.38134000000001,4591,11381
43.63904,-79.54776000000001,14424,333
43.61647,-79.54625,28554,222
43.61235,-79.56266000000001,28233,70
43.65729,-79.38438000000001,12509,16952
43.751960000000004,-79.29739000000001,19109,230
43.630410000000005,-79.54983,26788,850
43.75471,-79.35202000000001,20963,1872
43.614250000000006,-79.55618000000001,26239,684
43.7034,-79.4259,15765,1016
43.776260650000005,-79.28537347700001,34082,49
43.773134016,-79.284070759,36406,137
43.668690000000005,-79.38609000000001,12471,12829
43.66588,-79.36861,8778,4496
43.608990000000006,-79.55642,13646,277
43.632054600000004,-79.57514570000001,11986,826
43.667630030000005,-79.59077520400001,22639,8
43.66613,-79.58760000000001,24741,514
43.773120000000006,-79.30529,23944,353
43.757450000000006,-79.4895,15375,1532
43.60943,-79.56028,13642,1478
43.630456,-79.41983400000001,24528,189
43.77761,-79.2266,13956,857
43.74154,-79.31421,27327,1123
43.750730000000004,-79.51607,14032,1355
43.80856,-79.37245,28358,212
43.805600000000005,-79.38578000000001,21204,301
43.654990000000005,-79.56423000000001,11853,476
43.653020000000005,-79.57255,13816,725
43.789640000000006,-79.25883,34425,2423
43.78272346,-79.25545156000001,38670,206
43.7796,-79.254112,34231,99
43.71932,-79.29491,19646,325
43.707770000000004,-79.53354,17286,588
43.70665,-79.50481,16819,1034
43.6826,-79.32714,11318,1972
43.759980000000006,-79.41052,33436,3822
43.611560000000004,-79.52254,10565,114
43.74625,-79.5686,24836,596
43.646330000000006,-79.56004,20250,515
43.645854747,-79.56186764,27046,69
43.645080301,-79.565149937,26578,147
43.765440000000005,-79.24894,18068,319
43.801320000000004,-79.37071,18360,1448
43.687960000000004,-79.58681,23800,543
43.673944029000005,-79.567555215,30975,0
43.70134,-79.54866,19941,1212
43.77526,-79.49399000000001,16169,891
43.779560000000004,-79.23296,25842,807
43.767230000000005,-79.30279,25357,126
43.75325,-79.27629,19566,416
43.74882,-79.55768,17376,1441
43.75808,-79.51339,19264,2202
43.74711,-79.51511,14932,797
43.66228,-79.31484,18465,293
43.68193,-79.47420000000001,10522,516
43.778310000000005,-79.3653,14692,318
43.80106,-79.40624000000001,20094,203
43.768840000000004,-79.52039,17925,2428
43.670480000000005,-79.39478000000001,12869,4860
43.747820000000004,-79.2445,13354,258
43.783869404,-79.23492538500001,32856,14
43.787025152000005,-79.23620293100001,34942,19
43.76192,-79.51881,13856,1516
43.724900000000005,-79.50958,18009,842
43.678560000000004,-79.54492,23515,201
43.6426,-79.57592000000001,18979,525
43.75104,-79.22224,14181,475
43.769830000000006,-79.21867,9156,772
43.757082954000005,-79.341368079,18501,237
43.765460000000004,-79.44087,18638,275
43.770880000000005,-79.44222,17649,195
43.72963,-79.43213,18651,1584
43.696560000000005,-79.29046000000001,9902,363
43.770627600000005,-79.1762578,11211,497
43.668220000000005,-79.38885,13272,14606
43.69585,-79.55211,15838,682
43.799260000000004,-79.41444,20904,236
43.79045,-79.30227000000001,14889,162
43.7274,-79.25263000000001,10665,925
43.625647997,-79.48615503900001,17018,314
43.745070000000005,-79.2197,12478,925
43.74132,-79.41522,16712,1166
43.736810000000006,-79.5917,19690,2368
43.658207000000004,-79.3778242,7288,23017
43.78927,-79.32957,16025,674
43.752750000000006,-79.25919,17937,869
43.760070000000006,-79.24686100000001,15117,159
43.771300000000004,-79.25566,16361,147
43.772330000000004,-79.45093,18577,1154
43.78918,-79.37328000000001,18138,197
43.767860000000006,-79.47148,24099,1099
43.741170000000004,-79.5892,26513,2920
43.7593,-79.50792,16540,817
43.67219,-79.40602,9574,1020
43.716730000000005,-79.44134000000001,18684,624
43.76033,-79.22297,19547,1352
43.75876,-79.23043,17512,990
43.75486,-79.51707,16393,2131
43.73458,-79.51190000000001,16273,181
43.70611,-79.38924,15587,1802
43.74157,-79.50149,18208,1591
43.689690000000006,-79.47717,16064,1035
43.78376,-79.36654,16128,289
43.727520000000005,-79.22974,22778,974
43.77030305,-79.371466764,21304,512
43.79317,-79.33141,26024,2183
43.63359229,-79.570753276,11386,280
43.76746,-79.23914,11683,159
43.60428,-79.53372,8574,350
43.6618,-79.36969,7438,1633
43.787400000000005,-79.25726,28954,390
43.801300000000005,-79.2966,30023,1670
43.670350000000006,-79.45578,8170,1293
43.67743,-79.40811000000001,9984,1409
43.6811,-79.42885000000001,9785,2626
43.71414,-79.24508,17421,241
43.78662,-79.30066000000001,15129,289
43.7321,-79.22456000000001,26019,632
43.765215000000005,-79.259562,13790,170
43.7659,-79.27054000000001,14217,152
43.708580000000005,-79.41043,21408,940
43.7331,-79.28971,19235,393
43.794811669000005,-79.196713164,19394,83
43.772890000000004,-79.16632,7019,106
43.697010000000006,-79.28537,5145,711
43.79683,-79.31576000000001,27622,5416
43.681400000000004,-79.5528,10865,164
43.726710000000004,-79.33083,11935,176
43.8112,-79.36077,32248,2382
43.79963,-79.35413000000001,19210,1364
43.785430000000005,-79.35078,8216,1574
43.78277,-79.34914,7659,670
43.785500000000006,-79.35349000000001,9179,353
43.782270000000004,-79.35224000000001,9444,483
43.74823,-79.34634,23292,502
43.744680793,-79.345645328,18691,176
43.777150000000006,-79.34783,20633,1590
43.69794,-79.45113,15619,780
43.682080000000006,-79.32975,9904,3348
43.7556,-79.47420000000001,20182,563
43.79652,-79.36951,12763,680
43.72742,-79.26589,9064,1701
43.78168,-79.32015,16120,343
43.746,-79.20937,26512,374
43.747027,-79.388996,12287,363
43.62713,-79.48772000000001,16768,232
43.6205,-79.54942000000001,16992,222
43.73747,-79.27011,14179,700
43.74758,-79.19927,6900,1089
43.79198,-79.35806000000001,19290,885
43.783579,-79.29934700000001,17280,1260
43.762620000000005,-79.49363000000001,9679,596
43.6573,-79.4479,10753,1939
43.657140000000005,-79.43429,11740,2516
43.67013,-79.41314,13678,804
43.65146,-79.57947,12986,554
43.717690000000005,-79.53908,20352,52
43.79027,-79.35417000000001,19656,1287
43.6679,-79.46554,15871,333
43.642982449,-79.53101329600001,12936,347
43.78627,-79.38663000000001,16862,176
43.726760000000006,-79.55203,13737,252
43.77534,-79.26315000000001,23949,110
43.66658,-79.41962000000001,6708,2037
43.696780000000004,-79.44529,10655,1239
43.696561511000006,-79.47550887,10404,448
43.674,-79.49473,12934,421
43.74313,-79.51413000000001,13425,664
43.7454795,-79.396423,12160,175
43.751477,-79.370436,14817,741
43.74255,-79.26143,10276,376
43.757960000000004,-79.26743,13229,182
43.779810000000005,-79.21714,11223,170
43.760560000000005,-79.38663000000001,27623,231
43.75938,-79.27864000000001,21548,193
43.780370000000005,-79.32538000000001,16456,491
43.70756,-79.57817,13117,42
43.674760000000006,-79.45767000000001,9478,1265
43.63938,-79.52121000000001,16575,400
43.621950000000005,-79.52235,17377,300
43.64788,-79.39028,10620,16007
43.765280000000004,-79.48296,18368,178
43.794380000000004,-79.32597,21995,935
43.66299,-79.43666,12075,663
43.70387,-79.44173,10447,1894
43.753975113,-79.53295965000001,35320,31
43.74824,-79.5416,14428,250
43.64699,-79.40111,6624,5835
43.7464,-79.26306000000001,11315,524
43.766580000000005,-79.4122,26555,8472
43.76328,-79.41135,20571,14166
43.777010000000004,-79.41482,17603,2549
43.735400000000006,-79.56134,14391,462
43.719138562000005,-79.258471727,10444,117
43.63935,-79.56481000000001,9300,504
43.72265,-79.33202,35276,588
43.72361,-79.32852000000001,34213,85
43.807050000000004,-79.35684,17033,828
43.80203,-79.19979000000001,20063,1274
43.787600000000005,-79.26830000000001,26138,1233
43.797041,-79.28344700000001,16513,210
43.795170000000006,-79.29343,26869,167
43.78929,-79.19434000000001,20086,1845
43.79806,-79.33362000000001,12138,573
43.629310000000004,-79.5798,13528,375
43.796060000000004,-79.42926,31286,1322
43.70635,-79.25127,19226,799
43.66209,-79.35307,9504,764
43.77805,-79.39059,19544,297
43.777750000000005,-79.32415,18291,774
43.774860000000004,-79.36461,15715,380
43.702020000000005,-79.42089,14444,1220
43.72527,-79.26497,8652,447
43.712770000000006,-79.46088,16614,710
43.71969,-79.31450000000001,11486,129
43.71192,-79.37307,19076,252
43.690400000000004,-79.49869000000001,7467,412
43.741260000000004,-79.51367,16322,1520
43.73474,-79.53394,13949,330
43.74427,-79.43569000000001,16394,530
43.71681,-79.52709,15883,457
43.70653,-79.29497,13423,565
43.732020000000006,-79.58942,12545,1604
43.697893248,-79.57395875,15019,16
43.700072026,-79.574768543,13660,13
43.685880000000004,-79.52815000000001,11858,1078
43.77149,-79.40281,9891,225
43.725280000000005,-79.45726,23906,727
43.79901,-79.30596,22979,1693
43.69044,-79.53014,10962,606
43.748720000000006,-79.45488,19247,501
43.796150000000004,-79.22754,11802,808
43.815720000000006,-79.34135,37189,701
43.655770000000004,-79.4114,8941,4410
43.79355,-79.33697000000001,20707,694
43.66353,-79.40005000000001,8554,5206
43.654410000000006,-79.39864,8810,2635
43.769400000000005,-79.38867,23558,620
43.7271,-79.56074000000001,11624,282
43.757489,-79.54370680000001,12810,42
43.774060000000006,-79.18314000000001,17751,236
43.781650000000006,-79.41600000000001,24802,2603
43.64607,-79.3923,9780,18756
43.65185,-79.4364,12364,2631
43.657030000000006,-79.40517,9614,3907
43.773360000000004,-79.5318,24513,218
43.743010000000005,-79.60006,12828,312
43.715884222,-79.445178211,25170,6481
43.716261808000006,-79.44341594100001,22596,2759
43.739140000000006,-79.60533000000001,16961,132
43.69928,-79.58708,26115,18
43.71726,-79.59569,23934,216
43.73042,-79.60149,31536,1706
43.73415,-79.60315,28436,318
43.7443,-79.6076,26181,162
43.79712,-79.30514000000001,12495,213
43.769153800000005,-79.18284200000001,11358,728
43.800670000000004,-79.30705,13557,634
43.75867,-79.43924,18845,224
43.76109,-79.41317000000001,21536,1356
43.7984054,-79.2733852,22022,1042
43.77344,-79.26241,17772,60
43.74915,-79.51562,15750,642
43.759840000000004,-79.49007,11983,513
43.71942,-79.57037000000001,9276,697
43.78542,-79.25652000000001,33357,743
43.808060000000005,-79.26645,20529,3724
43.807230000000004,-79.27039,15835,2056
43.80572,-79.27736,21864,570
43.80471,-79.28214,16079,244
43.8038,-79.28629000000001,24535,1891
43.795092786000005,-79.34146071,28085,136
43.794685853000004,-79.345865094,26267,155
43.79365,-79.35042,27994,9709
43.7619063,-79.1836153,7032,296
43.811930000000004,-79.35762000000001,25166,618
43.796,-79.31933000000001,19531,920
43.746205700000004,-79.3058115,9199,689
43.77492,-79.17796,18991,258
43.776500000000006,-79.17361000000001,18824,534
43.81687,-79.33654,50332,884
43.819680000000005,-79.32442,41078,2125
43.823710000000005,-79.30705,36162,3170
43.75708,-79.19929,20605,246
43.75077,-79.43733,17288,485
43.78656,-79.18842000000001,9644,2498
43.78087,-79.46983,21972,318
43.775200000000005,-79.46845,33369,278
43.752280000000006,-79.56831000000001,12616,191
43.76005,-79.57176000000001,15248,244
43.762170000000005,-79.40825000000001,22020,5683
43.798970000000004,-79.14627,24307,245
43.794830754,-79.15273754200001,12030,62
43.78958,-79.23705000000001,27266,398
43.754740000000005,-79.56882,12551,255
43.780480000000004,-79.41231,17182,1914
43.77816,-79.42298000000001,16970,933
43.699780000000004,-79.60146,8605,24
43.76436,-79.57480000000001,25650,327
43.76659,-79.56482000000001,29911,207
43.70261,-79.56234,12519,67
43.709160000000004,-79.5655,15334,267
43.7167,-79.5824,11430,42
43.76592,-79.51968000000001,17278,2030
43.779270000000004,-79.50432,22202,233
43.754490000000004,-79.48875000000001,15665,1382
43.752860000000005,-79.48274,15542,47
43.7922,-79.31386,16559,399
43.79755,-79.31232,17950,717
43.795869015,-79.14370396000001,16226,35
43.80841,-79.17082,13970,977
43.772890000000004,-79.44822,16149,1352
43.79816,-79.21765,20370,573
43.74779,-79.56238,20464,964
43.736050000000006,-79.59491,13898,1047
43.644470000000005,-79.40008,9793,14142
43.7648578,-79.54534600000001,11106,372
43.72636,-79.53559,19958,562
43.779650000000004,-79.34573,8962,1980
43.79084,-79.45323,22189,407
43.788700000000006,-79.46326,23916,600
43.78472,-79.48104000000001,17170,159
43.770970000000005,-79.54343,19719,736
43.79182,-79.36843,10557,166
43.761070000000004,-79.46516000000001,27132,411
43.758478000000004,-79.53896180000001,9875,57
43.730380000000004,-79.4681,16482,820
43.7334,-79.45281,22487,761
43.66463,-79.41363000000001,8424,4560
43.79854,-79.24104,25209,631
43.79636,-79.32716,13279,806
43.804140000000004,-79.33072,17399,193
43.780620000000006,-79.27612,13358,169
43.798691000000005,-79.26255400000001,22286,143
43.792057492000005,-79.25983294800001,25052,496
43.76511,-79.3947,20617,329
43.722770000000004,-79.59813000000001,22584,713
43.73698,-79.52376000000001,18468,366
43.74035,-79.50688000000001,12300,338
43.7747,-79.32669,19805,1215
43.686503332,-79.599612257,16895,102
43.783885000000005,-79.32706,15182,284
43.810680000000005,-79.33919,15742,237
43.7665,-79.47752,18266,201
43.74682,-79.58375000000001,11375,2165
43.73695,-79.48453,18559,370
43.75963,-79.5899,22401,1133
43.81302,-79.24308,33428,1015
43.81427,-79.23713000000001,16875,506
43.752633422,-79.408382899,25567,54
43.826010000000004,-79.29731000000001,21533,1735
43.812429614,-79.355316898,36241,49
43.814,-79.34862000000001,56432,626
43.801499443000004,-79.318739623,16630,1286
43.82536,-79.30007,26409,3283
43.66254,-79.32523,8061,250
43.64822,-79.38866,9502,3714
43.687470000000005,-79.30510000000001,11931,1366
43.75587,-79.28823,16383,136
43.66409,-79.41603,8630,6120
43.660505,-79.43242090000001,11442,1164
43.69391,-79.44949000000001,13213,112
43.670460000000006,-79.43987,12661,586
43.65336,-79.39612000000001,7630,9393
43.65073,-79.41393000000001,9436,1682
43.649860000000004,-79.41827,9477,1839
43.74367,-79.60392,14691,238
43.780210000000004,-79.24389000000001,14928,163
43.67566,-79.55768,20137,554
43.728910000000006,-79.25568,6306,467
43.77051,-79.3309,9725,580
43.68517,-79.31525,10799,3094
43.75898,-79.25713,12594,156
43.71779,-79.25575,10502,196
43.746860000000005,-79.28792,22092,928
43.7162,-79.28275000000001,13550,1465
43.73789,-79.29167000000001,16237,195
43.80637,-79.32095000000001,24583,817
43.76288,-79.21103000000001,13750,838
43.770320000000005,-79.54659000000001,18994,154
43.683980000000005,-79.39237,14101,1573
43.690086528,-79.394876808,17192,9239
43.69614,-79.39620000000001,16106,707
43.74253,-79.22210000000001,13379,1227
43.693942400000005,-79.28406840000001,5109,833
43.7285507,-79.2985955,11794,799
43.7483,-79.48277,12836,315
43.7498,-79.37874000000001,13537,167
43.750554,-79.374864,13444,456
43.79898,-79.37013,11869,555
43.639250000000004,-79.58432,22625,629
43.70467,-79.46478,11131,592
43.71777,-79.46814,9072,309
43.655190000000005,-79.41901,8708,3172
43.67074,-79.45323,9648,898
43.65388,-79.45181000000001,8966,2818
43.64524,-79.53197,12467,1145
43.699020000000004,-79.43502000000001,26378,1000
43.705670000000005,-79.40373000000001,14011,2345
43.681110000000004,-79.53289000000001,19243,639
43.60994,-79.55212,11843,251
43.661060000000006,-79.41216,8469,986
43.60329,-79.50629,6801,359
43.606770000000004,-79.5066,8332,118
43.61375,-79.50845000000001,10698,89
43.675670000000004,-79.53709,16131,106
43.65576,-79.4871,10251,629
43.69015,-79.50059,13368,847
43.69957,-79.50287,15874,825
43.717870000000005,-79.48009,22227,316
43.646620000000006,-79.38976000000001,10325,25059
43.641740498000004,-79.53555821100001,19184,104
43.60398,-79.51933000000001,10857,641
43.635473167,-79.53293757,19812,237
43.601310000000005,-79.50301,8224,1948
43.60083,-79.50525,16130,1950
43.718520000000005,-79.43295,17809,886
43.62252,-79.54060000000001,11356,29
43.67841,-79.46481,9529,472
43.64222,-79.42863,14622,6472
43.641070000000006,-79.43451,7262,2643
43.642520000000005,-79.42717,10496,1546
43.64537,-79.41319,9898,1979
43.7796,-79.30439,15650,787
43.62102,-79.50034000000001,11045,472
43.65091,-79.39723000000001,9635,5444
43.6837,-79.41572000000001,12266,2887
43.634099308,-79.556824332,11223,312
43.62436,-79.51167000000001,17507,300
43.80919,-79.22163,13328,1424
43.62718,-79.55891000000001,12497,583
43.69838,-79.5113,10637,1083
43.720309989,-79.511599645,15005,2108
43.723560000000006,-79.33649000000001,10255,717
43.63143,-79.42941,27594,20
43.632436000000006,-79.41096,22009,120
43.7256,-79.44856,10623,1642
43.72574737,-79.44745081500001,9517,510
43.70496,-79.49411,35356,37
43.65993,-79.58331000000001,9539,1156
43.63853,-79.53800000000001,23209,1458
43.66051,-79.38742,11252,11459
43.776680000000006,-79.25052000000001,12664,1042
43.758660000000006,-79.34710000000001,22021,255
43.69863,-79.53984,12460,152
43.679840000000006,-79.32213,8094,1662
43.77469,-79.2523,22382,1082
43.77425,-79.29504,14850,113
43.658190000000005,-79.38640000000001,9443,7916
43.67895,-79.55170000000001,10353,270
43.69655,-79.2973,7911,87
43.795031114000004,-79.216561709,16571,12
43.792910000000006,-79.21516000000001,16203,12
43.82142,-79.31693,27991,574
43.80773,-79.37609,20504,106
43.702490000000004,-79.38778,18740,1708
43.66565,-79.48592000000001,12360,630
43.745520000000006,-79.61428000000001,13913,163
43.74689,-79.62201,14947,204
43.661820000000006,-79.51777,13594,413
43.71878,-79.51842,16976,141
43.811645000000006,-79.26919600000001,15557,1466
43.766020000000005,-79.1911,20850,731
43.776593625000004,-79.254418095,12214,123
43.704260000000005,-79.39784,16322,6264
43.68679,-79.41203,10258,326
43.730720000000005,-79.28876000000001,23270,983
43.70738,-79.39548,11926,5782
43.68798,-79.36359,19794,7
43.808870000000006,-79.26276,12405,332
43.79549,-79.41941,23927,1562
43.80657,-79.21865000000001,14777,986
43.7826,-79.49012,27549,484
43.759730000000005,-79.33196000000001,14623,335
43.77859,-79.25549000000001,14428,294
43.726150000000004,-79.31828,32617,431
43.800054384000006,-79.144577233,16170,78
43.66727,-79.31257000000001,14502,2736
43.71439,-79.33642,19553,998
43.663180000000004,-79.36148,9183,1071
43.669650000000004,-79.3758,8911,2450
43.64826,-79.3709,12239,5396
43.6644,-79.32528,9716,1812
43.77559,-79.18901000000001,10698,396
43.636190000000006,-79.49343,6703,529
43.818461,-79.304727,20817,496
43.755680000000005,-79.22403,14177,493
43.80514,-79.26531,16272,544
43.79084,-79.44537000000001,18326,1194
43.79703,-79.42484,22646,1273
43.667170000000006,-79.40152,10170,7851
43.64571,-79.51902000000001,16416,858
43.67595,-79.47032,15021,136
43.6717778,-79.4711048,13948,974
43.66897,-79.40475,9361,2782
43.74183,-79.45432000000001,32825,0
43.750280000000004,-79.46338,43882,1287
43.63994,-79.387,22733,1895
43.719120000000004,-79.50813000000001,20524,1275
43.70033,-79.39703,13039,1374
43.73937,-79.30308000000001,9940,324
43.672200000000004,-79.59333000000001,21403,116
43.80866,-79.31115000000001,17510,94
43.789880000000004,-79.45762,23038,709
43.705420000000004,-79.39809000000001,10474,3552
43.666560000000004,-79.38523,5517,9848
43.643980000000006,-79.38873000000001,9921,13919
43.712720000000004,-79.50642,22056,53
43.76222,-79.22624,15423,643
43.694630000000004,-79.48612,28035,113
43.69111,-79.48386,20502,288
43.688390000000005,-79.48285,27273,352
43.78799,-79.20834,10570,284
43.72135,-79.54575,18787,572
43.641490000000005,-79.43236,8149,2065
43.655260000000006,-79.41387,7251,3612
43.743700000000004,-79.49182,14646,658
43.66225,-79.47222000000001,9181,2042
43.81179,-79.33424000000001,13107,490
43.73555,-79.57829000000001,8821,258
43.809900000000006,-79.25768000000001,19443,458
43.811064,-79.279731,14101,334
43.78972,-79.14091,11914,310
43.67895,-79.47408,16934,446
43.79175,-79.24896000000001,12529,659
43.785940000000004,-79.27602,15262,459
43.715030000000006,-79.44947,14517,747
43.68598,-79.48171,15782,280
43.68417,-79.52739000000001,13105,814
43.676864,-79.591063,4726,16
43.649060000000006,-79.36728000000001,6830,2825
43.709770000000006,-79.47455000000001,19325,1220
43.75208,-79.26244,19480,845
43.7828,-79.29049,14814,654
43.712630000000004,-79.39174,14423,774
43.692890000000006,-79.28899,9991,1780
43.63711,-79.42664,6472,388
43.767300000000006,-79.49199,20535,148
43.72758,-79.44946,17906,44
43.777362600000004,-79.1465292,7620,166
43.77588,-79.34371,27870,1480
43.79318,-79.35227,18583,768
43.727360000000004,-79.32777,10717,723
43.637865000000005,-79.458968,37223,56
43.66565,-79.38770000000001,10757,6083
43.671290000000006,-79.37642000000001,8808,2765
43.73469,-79.60102,13622,461
43.652260000000005,-79.38012,7394,5027
43.64992,-79.39113,9183,24081
43.723682000000004,-79.32472800000001,10572,366
43.725210000000004,-79.32600000000001,10044,205
43.724775738000005,-79.32385297200001,30654,13
43.79281,-79.32496,11486,724
43.636969,-79.50704800000001,11662,549
43.794450000000005,-79.43654000000001,21076,1237
43.761009,-79.2197969,16769,260
43.754392,-79.298383,19205,240
43.681839000000004,-79.46787350000001,12624,1239
43.78191,-79.173,6116,39
43.72299,-79.50912000000001,18389,1040
43.80053,-79.2069,9751,292
43.802080000000004,-79.21777,15384,266
43.683960000000006,-79.32086000000001,10390,3336
43.728260000000006,-79.45395,14052,0
43.735600000000005,-79.44266,19315,389
43.654360000000004,-79.38319,9560,1864
43.65054,-79.47906,11171,3690
43.66371,-79.38007,8532,5265
43.662440293,-79.591280057,16274,185
43.665060000000004,-79.39397000000001,12836,4643
43.65977,-79.59417,14580,40
43.65587,-79.59843000000001,17983,128
43.77555,-79.25266,19540,233
43.75789,-79.60344,23808,719
43.772034671,-79.537988688,21412,75
43.64575,-79.40060000000001,7345,2694
43.64529,-79.38918000000001,10712,12944
43.816190000000006,-79.32454800000001,17881,1166
43.828300000000006,-79.28718,19874,869
43.831070000000004,-79.27516,26842,1919
43.817969000000005,-79.27198800000001,23517,612
43.807047000000004,-79.28877700000001,13993,798
43.757960000000004,-79.33720000000001,18874,30
43.734100000000005,-79.60992,17959,933
43.70186,-79.40745000000001,11207,650
43.68582,-79.32462000000001,7344,1787
43.80425,-79.16877000000001,9227,391
43.742490000000004,-79.56767,12840,212
43.77978,-79.25125,9144,298
43.779189982000005,-79.25359831200001,7685,222
43.822480000000006,-79.31228,24852,337
43.81622,-79.31452,11409,353
43.637750000000004,-79.43321,9339,2582
43.73507,-79.61786000000001,20162,280
43.796150000000004,-79.26149000000001,19373,154
43.67044,-79.45962,7965,811
43.72925,-79.25182000000001,10219,260
43.8156875,-79.281823,20273,191
43.774350000000005,-79.52683,22568,436
43.7625357,-79.5561136,8958,64
43.75724,-79.47506,10601,211
43.77971,-79.34265,4746,147
43.778653609,-79.34179791300001,17893,6
43.640660000000004,-79.54059000000001,14144,446
43.77259,-79.35865000000001,17181,287
43.654320000000006,-79.37874000000001,8842,6779
43.75092,-79.59859,10308,536
43.7894859,-79.32355100000001,10266,889
43.801428,-79.27468,12694,262
43.66055,-79.41466000000001,8675,2699
43.751960000000004,-79.46724,19689,163
43.7657405,-79.5411988,6517,162
43.64227,-79.56595,7780,338
43.778447578000005,-79.25919324200001,12688,115
43.739940000000004,-79.24552,12526,400
43.68954,-79.439544,8685,796
43.729890000000005,-79.41867,22737,1380
43.806400000000004,-79.33733000000001,14126,505
43.79717,-79.14914,17188,69
43.69794,-79.59316000000001,6967,31
43.77796,-79.46910000000001,21777,227
43.76285,-79.4569,8680,1028
43.74429,-79.59535000000001,10582,650
43.80892,-79.20272,13384,318
43.67517,-79.41514000000001,12800,591
43.7901,-79.21162000000001,10813,176
43.826910000000005,-79.27589,13492,1060
43.81463,-79.29220000000001,20964,703
43.643260000000005,-79.37543000000001,15223,3796
43.7686,-79.55496000000001,19967,331
43.793310000000005,-79.24153000000001,12958,615
43.70237,-79.4521,16505,555
43.77069,-79.49279,11596,11
43.797773762000006,-79.19794912,16724,93
43.829841,-79.2804,16992,338
43.741110000000006,-79.48549,18408,247
43.664500000000004,-79.45868,13673,847
43.81078,-79.3121,11276,128
43.783463100000006,-79.26640300000001,14591,301
43.756260000000005,-79.5883,6051,1363
43.75405,-79.60003,6737,308
43.83274,-79.26794000000001,22421,1037
43.8052,-79.22667,11514,508
43.80228,-79.40085,20175,397
43.79055,-79.40136000000001,8847,285
43.7605677,-79.5660422,7639,66
43.649355,-79.35655600000001,11607,256
43.824000000000005,-79.24785,27396,188
43.740370000000006,-79.40597000000001,21319,365
43.74403,-79.21558,11823,1302
43.69178,-79.46787,14067,1723
43.79207,-79.44764,19528,3356
43.82072,-79.29491,13379,367
43.80187,-79.29429,18980,424
43.82132,-79.28433000000001,10817,135
43.79468,-79.23491,21065,1337
43.787910000000004,-79.18324,8083,549
43.74329,-79.58210000000001,22468,5000
43.66949,-79.49279,12246,729
43.822520000000004,-79.27397,14230,726
43.78454,-79.16872000000001,7477,122
43.779630000000004,-79.13669,8095,519
43.667640000000006,-79.37219,7234,3393
43.78577,-79.28945,21580,863
43.69153,-79.59766,8331,62
43.82728,-79.29174,18519,292
43.64054,-79.39294000000001,22600,8056
43.6433915,-79.391253,15189,17689
43.71981,-79.3006,12250,706
43.8201296,-79.2620527,16707,122
43.83663,-79.25116,29314,622
43.8003,-79.19908000000001,24953,552
43.731880000000004,-79.30559000000001,15720,485
43.81214,-79.30193,30650,1884
43.816340000000004,-79.22752,11247,211
43.64195,-79.37461,9669,1160
43.649350000000005,-79.39366000000001,8832,11307
43.75677,-79.5207,25268,2540
43.646730000000005,-79.51454000000001,15344,852
43.77734,-79.28561,29744,326
43.63568,-79.39829,7829,1701
43.659800000000004,-79.40904,10369,1931
43.70812,-79.53196,10787,240
43.684200000000004,-79.45169,8419,780
43.8155,-79.23151,9968,67
43.800580000000004,-79.29963000000001,16181,468
43.74551,-79.25202,10637,223
43.79348,-79.44102000000001,21646,656
43.680620000000005,-79.46644,7427,491
43.8163226,-79.21115640000001,12264,334
43.764300000000006,-79.28772000000001,22109,1075
43.657520000000005,-79.38952,25653,9081
43.70521,-79.55043,20402,298
43.67739,-79.44565,7834,2538
43.76966,-79.5496,17754,194
43.77156,-79.54062,22747,189
43.68652,-79.44160000000001,7779,825
43.79017,-79.17338000000001,6129,268
43.76485,-79.50129000000001,7493,1468
43.76411,-79.48826000000001,16447,1532
43.72404,-79.29691000000001,11958,449
43.81792,-79.33209000000001,28633,350
43.720420000000004,-79.61264,20860,112
43.82027,-79.24619,22030,59
43.685430000000004,-79.41922000000001,17156,1127
43.74065,-79.41818,13556,563
43.663920000000005,-79.50349,18746,349
43.705690000000004,-79.49091,18305,578
43.765467009000005,-79.46613907800001,42055,187
43.71501,-79.39264,14627,611
43.768438,-79.5423288,6137,69
43.641450000000006,-79.41501000000001,11884,5678
43.69894,-79.45942000000001,10128,172
43.813341400000006,-79.2063837,11748,123
43.76292,-79.40475,22990,1877
43.7604501,-79.5700789,5614,168
43.80182,-79.32967000000001,11058,169
43.824975,-79.28602000000001,9588,181
43.80093,-79.15057,6605,282
43.724634,-79.491089,17209,1265
43.68491,-79.3519,7907,621
43.725096,-79.28652100000001,15487,702
43.7905795,-79.2699662,13883,72
43.783460000000005,-79.40786,12377,154
43.6764,-79.5933,18493,5
43.65619,-79.42741000000001,5859,1005
43.734398664000004,-79.34265554000001,22102,1088
43.64963,-79.38213,8550,6037
43.7833368,-79.3993073,17192,444
43.68764,-79.42364,5240,921
43.6922,-79.44879,12966,313
43.71311,-79.36724000000001,18249,827
43.814367675,-79.32453319400001,9826,965
43.72374,-79.37947000000001,26357,378
43.75363,-79.58704,8342,404
43.675560000000004,-79.44206,11907,733
43.682190000000006,-79.42335,8350,1380
43.648720000000004,-79.60632000000001,14635,298
43.70754,-79.48244000000001,18067,382
43.74226,-79.29346000000001,16276,149
43.80791,-79.21975,10803,1289
43.75096,-79.58574,10272,1568
43.69326,-79.47849000000001,8666,783
43.72952,-79.2668,9785,1317
43.758230000000005,-79.42581,15996,612
43.750690000000006,-79.54902,19878,418
43.693038400000006,-79.280102,11703,826
43.753530000000005,-79.44806,14838,413
43.74434,-79.48883000000001,12853,318
43.7309525,-79.4654883,14648,306
43.716590000000004,-79.59269,19529,201
43.68056,-79.28705000000001,11790,2467
43.7935656,-79.1546196,5087,32
43.803882,-79.298174,16802,399
43.78327,-79.4873,25173,336
43.704570000000004,-79.47710000000001,13698,405
43.750840000000004,-79.46077000000001,19848,1007
43.70472,-79.50427,17020,1342
43.644220000000004,-79.52560000000001,13882,1637
43.71961,-79.41486,20887,79
43.76769,-79.54592000000001,11656,148
43.707930000000005,-79.31106000000001,15499,487
43.70768,-79.30263000000001,12213,246
43.6447334,-79.39177620000001,6090,7101
43.663850000000004,-79.41068,15950,3252
43.79722,-79.29432,17153,138
43.82739,-79.26524,11917,175
43.80734,-79.17552,7182,311
43.792500000000004,-79.16354000000001,5216,222
43.65164,-79.47408,11287,4580
43.59935,-79.51186,8594,644
43.855450000000005,-79.17025000000001,12685,0
43.651199000000005,-79.3849089,8557,7961
43.758500000000005,-79.30002,22133,313
43.785650000000004,-79.42409,9696,923
43.70139,-79.52065,9264,1341
43.798262134000005,-79.16595253700001,8454,17
43.75931,-79.22774000000001,20575,1025
43.65952,-79.41952,8060,1215
43.66881,-79.33754,8796,2347
43.759530000000005,-79.46498000000001,26863,199
43.810570000000006,-79.21392,5420,817
43.749700000000004,-79.26445000000001,11310,365
43.770205000000004,-79.278729,13077,438
43.77174,-79.28323,30654,770
43.74036,-79.24990000000001,10557,187
43.76854,-79.41629,13398,1427
43.76641,-79.4257,8577,660
43.71332,-79.45857000000001,15450,535
43.804500000000004,-79.22421,6144,2752
43.731010000000005,-79.2506,10651,77
43.81843,-79.32990000000001,27754,227
43.82508,-79.27514000000001,11373,850
43.67895,-79.43867,6392,1398
43.76549,-79.19946,13299,233
43.758480000000006,-79.57064000000001,11973,174
43.643420000000006,-79.40524,9966,4831
43.655390000000004,-79.45696000000001,12445,1648
43.709450000000004,-79.29292000000001,14074,421
43.73895,-79.25995,10201,659
43.710570000000004,-79.30898,13329,476
43.672180185,-79.418755749,12582,822
43.75542,-79.27714,19181,887
43.74438,-79.40526,14132,872
43.79021,-79.23415,14371,402
43.658260000000006,-79.39817000000001,10110,7346
43.75739,-79.43892000000001,18171,271
43.77111,-79.52090000000001,13069,222
43.81224,-79.2257,9110,506
43.661660000000005,-79.46294,10494,708
43.66821,-79.58681,17831,2
43.75949,-79.51822,15030,1458
43.83059,-79.25065000000001,23372,47
43.665240000000004,-79.37788,14043,3347
43.79965,-79.30340000000001,13963,175
43.77642,-79.51704000000001,22814,181
43.783910000000006,-79.23182,7913,341
43.628150000000005,-79.49457000000001,12464,110
43.73939,-79.42384,13738,1092
43.77272,-79.18781,9566,268
43.695485000000005,-79.402394,18852,467
43.798100000000005,-79.30994000000001,15402,101
43.73089,-79.27387,19446,763
43.65903,-79.42187,7429,1545
43.69596,-79.32878000000001,9473,1771
43.63976,-79.44095,7495,1527
43.65561,-79.3584,6068,1153
43.640283676,-79.38338667400001,7069,1587
43.70152,-79.42314,15671,860
43.785444141,-79.267174155,11962,13
43.760300726000004,-79.503346682,20537,262
43.763940000000005,-79.40862,10340,2845
43.769450000000006,-79.3643,27587,271
43.785429,-79.32180600000001,9768,517
43.799240000000005,-79.21294,8689,106
43.642970000000005,-79.38147000000001,15023,12237
43.780620000000006,-79.28694,24995,116
43.67005,-79.46646,15305,767
43.768958000000005,-79.266512,17317,180
43.73597,-79.22027,20101,361
43.664660000000005,-79.40273,10680,2639
43.661300000000004,-79.40140000000001,9628,5235
43.742176,-79.27204850000001,14562,776
43.823284,-79.2536128,7738,68
43.786210000000004,-79.47471,24942,646
43.670120000000004,-79.52136,12434,86
43.73304,-79.38124,26528,172
43.68016,-79.44393000000001,12211,649
43.73758,-79.42060000000001,20973,714
43.71398,-79.41185,20236,128
43.7121,-79.41167,16685,438
43.6484,-79.52505000000001,17848,1330
43.77855,-79.40581,10548,672
43.774280000000005,-79.47337,10105,76
43.776830000000004,-79.47444,9463,57
43.762607,-79.29470500000001,20900,269
43.805552000000006,-79.22086300000001,5901,792
43.783840000000005,-79.47014,19133,923
43.78555,-79.20623,9464,274
43.701100000000004,-79.5121,13103,1585
43.78417,-79.39552,16397,195
43.6503,-79.41595000000001,11987,1216
43.79648,-79.35519000000001,16364,695
43.7626531,-79.41378870000001,10844,1092
43.62601,-79.47970000000001,12520,316
43.672430000000006,-79.56223,8033,361
43.803140000000006,-79.19488000000001,16800,273
43.818791000000004,-79.215019,10386,102
43.807798000000005,-79.21560500000001,5498,409
43.7956,-79.23028000000001,10368,323
43.81843,-79.23983000000001,10069,98
43.72704,-79.29148,29467,2191
43.71828,-79.45564,17066,974
43.75549,-79.61409,33940,70
43.80145,-79.26377000000001,14927,177
43.72401,-79.49411,15549,742
43.723470000000006,-79.57233000000001,8900,253
43.822932378000004,-79.177448899,5654,2155
43.775760000000005,-79.23498000000001,13825,534
43.70805,-79.34136000000001,14252,1060
43.7697371,-79.4107908,11120,3553
43.65482,-79.38028,5644,3945
43.69267,-79.54467000000001,13772,37
43.698992881,-79.513050914,8934,256
43.65115,-79.45851,13710,366
43.64096876,-79.45462703700001,13178,237
43.646217,-79.39812900000001,6505,1038
43.64893,-79.40465,9841,2137
43.66570361,-79.496920312,14306,423
43.6634,-79.30969,13170,390
43.686,-79.35627000000001,8093,362
43.788943,-79.28003600000001,10076,676
43.80514,-79.32635,9645,121
43.81006,-79.30633,10889,91
43.61751,-79.49893,8244,505
43.80342,-79.34183,7365,464
43.784000000000006,-79.28500000000001,15001,515
43.75963,-79.41211,6440,74
43.743410000000004,-79.38326,22602,30
43.715576198,-79.243541543,18318,144
43.7396,-79.23525000000001,20519,1102
43.77197,-79.26187,17012,247
43.778650000000006,-79.14079000000001,6264,735
43.66597,-79.31427000000001,7506,112
43.814960745,-79.34420081200001,28023,410
43.81364,-79.34048,12962,105
43.661120000000004,-79.4752,7466,1004
43.61363,-79.56037,21270,101
43.70703,-79.34566000000001,10759,675
43.6328,-79.5734,10736,249
43.70273,-79.31568,19267,384
43.71999,-79.42664,14129,527
43.78072,-79.13159,3522,1394
43.70027,-79.27608000000001,6587,291
43.644654715,-79.558876455,7316,183
43.64855,-79.34502,4750,21
43.65265,-79.33556,5309,28
43.65655,-79.32635,6556,67
43.649842,-79.37032,7485,6045
43.68795,-79.28697000000001,12033,1076
43.64678,-79.53052000000001,11830,819
43.733760000000004,-79.60673,10162,624
43.712900000000005,-79.35908,10837,714
43.690810000000006,-79.29025,12898,3440
43.64101,-79.41727,10301,1835
43.659460348,-79.513578197,18788,456
43.6736,-79.5493,11307,313
43.74326,-79.58676,13132,552
43.659659000000005,-79.333166,11098,141
43.63327,-79.41528000000001,1485,33
43.804050000000004,-79.39278,20322,126
43.79084,-79.36306,16239,502
43.62319,-79.51677000000001,17766,274
43.658612000000005,-79.453102,9752,1091
43.65683,-79.35889,6877,2578
43.75354,-79.3575,19385,675
43.64696,-79.53755000000001,13922,146
43.701930000000004,-79.46434,17328,580
43.749610000000004,-79.48758000000001,14554,264
43.70009,-79.28671,7836,846
43.61309,-79.55228000000001,9713,0
43.728480000000005,-79.28481000000001,19273,462
43.676840000000006,-79.56419000000001,12097,687
43.73284,-79.45532,17180,368
43.73004,-79.45837,17472,93
43.7819227,-79.47815100000001,9916,36
43.77649,-79.34756,19187,656
43.65135,-79.41091,8875,2028
43.639320000000005,-79.45129,13888,555
43.663242000000004,-79.467636,7493,780
43.69285,-79.41441,7370,282
43.755022000000004,-79.309359,13103,732
43.645210000000006,-79.40321,11906,2667
43.74495,-79.58288,19194,1700
43.630880000000005,-79.51774,16364,302
43.72218,-79.58498,9656,185
43.64067,-79.58202,16330,216
43.720386000000005,-79.394925,9463,165
43.688678457,-79.29952830100001,12920,3473
43.61923,-79.52604000000001,24251,35
43.686870000000006,-79.51312,10826,175
43.61885,-79.53625000000001,20221,114
43.650192000000004,-79.362162,8833,3658
43.71524,-79.4484,15437,568
43.800050000000006,-79.28468000000001,11044,273
43.75325,-79.52601,7394,393
43.79979,-79.19677,7500,69
43.69751,-79.54492,15775,710
43.786142000000005,-79.139429,7603,211
43.80767,-79.23262000000001,6725,102
43.74972,-79.61046,16730,5
43.6563,-79.37955000000001,8889,10912
43.77203,-79.49319,10081,203
43.711490000000005,-79.3585,8998,277
43.71882,-79.58341,10232,137
43.640190000000004,-79.42127,9466,2769
43.76747,-79.385,22825,1418
43.764460714,-79.318369465,30965,487
43.78824,-79.46537000000001,24345,392
43.670120000000004,-79.29981000000001,10038,3826
43.635510000000004,-79.4067,25651,56
43.6364,-79.40682000000001,7407,517
43.638870000000004,-79.40062,11653,5808
43.66554,-79.47346,11186,1933
43.73409,-79.55824000000001,12540,123
43.696760000000005,-79.33421,17289,104
43.698974575,-79.323830709,16176,213
43.81078,-79.24293,21432,84
43.616051492000004,-79.55715561800001,11001,348
43.663018,-79.42090400000001,7837,1342
43.65898,-79.42853000000001,6818,1574
43.68864,-79.39149,15672,1551
43.660140000000006,-79.32885,10614,836
43.635883246000006,-79.47317952200001,2452,0
43.679750000000006,-79.29451,10763,994
43.6591,-79.43918000000001,12219,2082
43.65213,-79.44801000000001,11264,926
43.67206,-79.42982,5284,162
43.651990000000005,-79.42173000000001,6627,830
43.651590000000006,-79.60313000000001,16600,145
43.617140000000006,-79.54347,24831,57
43.720710000000004,-79.28872,6961,101
43.799020000000006,-79.20229,9855,842
43.67235,-79.50399,10831,136
43.62727,-79.47906,13928,306
43.680510000000005,-79.39092000000001,15189,1027
43.695062031000006,-79.55531582200001,14480,568
43.73006,-79.60493000000001,8980,1157
43.72786,-79.38356,12944,416
43.72845,-79.38654000000001,13912,243
43.7481,-79.58438000000001,9297,584
43.664390000000004,-79.30624,11567,270
43.678450000000005,-79.35843,8937,3215
43.73908,-79.57618000000001,14762,427
43.84104,-79.23224,11447,6
43.669200000000004,-79.39189,10428,2023
43.769780000000004,-79.37418000000001,17247,395
43.603233800000005,-79.5385002,6526,350
43.813880000000005,-79.295,12440,251
43.73013,-79.58855,9988,190
43.740195049,-79.583272487,12281,898
43.652815700000005,-79.37157,8880,2605
43.65428,-79.36529,13355,705
43.6516,-79.37108,9398,2697
43.65299,-79.36475,8428,560
43.65073,-79.3707,6632,11774
43.65214,-79.3644,5522,3714
43.6506527,-79.36668200000001,10245,2092
43.65129,-79.36401000000001,10718,1526
43.64672,-79.40654,10538,6170
43.64698,-79.41715,3069,486
43.675709000000005,-79.30593900000001,11640,579
43.709630000000004,-79.39059,13719,3233
43.714960000000005,-79.33420000000001,5012,2105
43.741171085000005,-79.422417756,22435,88
43.77411,-79.41252,10252,3067
43.84259,-79.22581000000001,11534,4
43.753060000000005,-79.62511,16258,305
43.64056,-79.43699000000001,12715,5387
43.77917,-79.41849,15640,1391
43.774730000000005,-79.26583000000001,9468,53
43.63823,-79.43090000000001,9259,2198
43.746590000000005,-79.46018000000001,29471,14
43.65889,-79.36857,6416,2459
43.806290000000004,-79.18039800000001,8809,386
43.640358000000006,-79.38883700000001,6011,1034
43.685900000000004,-79.40535,8398,1071
43.66375,-79.3705,5057,2058
43.631640000000004,-79.42724000000001,5836,25
43.62053,-79.48326,9027,457
43.71676,-79.37811,22384,768
43.732864400000004,-79.2788977,13113,86
43.75773,-79.46497000000001,23942,326
43.6597,-79.39661000000001,4436,7353
43.70364,-79.50002,9487,401
43.68755,-79.34809,8566,2081
43.68424,-79.41346,11903,1240
43.787814000000004,-79.19062000000001,7669,1696
43.602270000000004,-79.49849,7412,642
43.63087,-79.48207000000001,20017,776
43.75697,-79.24562,15900,156
43.68739,-79.54975,8082,132
43.692640000000004,-79.51745000000001,8318,223
43.73216,-79.60922000000001,9641,1295
43.666090000000004,-79.49925,14087,274
43.70994,-79.26931,7566,896
43.6473,-79.37329000000001,4006,5271
43.664660000000005,-79.38047,8481,8016
43.664930000000005,-79.50147000000001,19085,372
43.715500000000006,-79.55528000000001,13323,1185
43.773277574000005,-79.25175145300001,20670,712
43.647490000000005,-79.39865,5219,773
43.668240000000004,-79.48704000000001,13096,834
43.671640000000004,-79.29263,8708,1261
43.67192,-79.37907,13424,2824
43.693609,-79.34824,7141,212
43.6709,-79.47522000000001,11724,439
43.77733,-79.26128,21537,775
43.78018,-79.30185,13166,67
43.69117,-79.536208,7883,86
43.793310000000005,-79.28186000000001,12449,155
43.824129268,-79.30504024000001,18557,1232
43.631310000000006,-79.47555,6266,100
43.6616,-79.3807,8517,5760
43.66282,-79.37973000000001,9467,5292
43.74805,-79.62876,13276,102
43.78535,-79.47835,22949,278
43.76836,-79.37052,3003,80
43.62518,-79.48925,7957,0
43.769360000000006,-79.36616000000001,4825,151
43.77093,-79.49832,5073,2414
43.82589,-79.24308,10607,22
43.827290000000005,-79.23467000000001,8986,9
43.82305,-79.23009,8262,51
43.819770000000005,-79.22108,10521,275
43.79918,-79.31694,10528,438
43.819990000000004,-79.2981,8111,91
43.7911,-79.29172,18702,419
43.74654,-79.23107,6586,667
43.77302,-79.28152,7184,133
43.72301,-79.60102,5874,533
43.68084,-79.56606000000001,10896,323
43.6693,-79.3035,9545,1951
43.69209,-79.55759,8395,231
43.763470000000005,-79.23750000000001,11700,578
43.75152,-79.313,18080,945
43.782659556000006,-79.41624730800001,24650,4286
43.71956,-79.46861,12328,240
43.722590000000004,-79.54744000000001,17521,249
43.74886,-79.25341,12346,574
43.76518,-79.28401000000001,22482,604
43.709720000000004,-79.53446000000001,13478,614
43.73606,-79.25876000000001,10493,1664
43.730000000000004,-79.29195,7898,472
43.72429,-79.29027,5127,149
43.70526,-79.57714,11687,85
43.747780000000006,-79.63245,11876,81
43.804230000000004,-79.19015,11952,118
43.72088,-79.43014000000001,18665,1571
43.73218,-79.41937,18797,326
43.77002,-79.50248,11330,9454
43.772580000000005,-79.51140000000001,11406,1731
43.771890000000006,-79.51372,10330,1269
43.63973,-79.42358,8970,847
43.721540000000005,-79.55809,14048,228
43.66637,-79.40533,8636,10092
43.66559,-79.47897,10762,913
43.658570000000005,-79.37511,14566,293
43.67371,-79.41182,12326,1545
43.65043,-79.38858,7554,3438
43.647740000000006,-79.40141,6802,9439
43.637040000000006,-79.44753,14539,236
43.741040000000005,-79.50378,12045,129
43.81608,-79.29288000000001,10958,189
43.775532909000006,-79.335107803,21583,1170
43.73868,-79.28126,14800,98
43.8074,-79.31654,13289,102
43.64077,-79.39158,7773,709
43.664910000000006,-79.45549000000001,9816,856
43.780590000000004,-79.24702,5577,655
43.733380000000004,-79.24867,10664,253
43.744110000000006,-79.28343000000001,14201,149
43.768350000000005,-79.26077000000001,13226,174
43.75898,-79.28949,16592,379
43.75562,-79.26653,12002,198
43.68547,-79.27438000000001,11176,248
43.804120000000005,-79.37138,12400,135
43.774793249000005,-79.437928967,14399,69
43.761210000000005,-79.32402,10092,497
43.704370000000004,-79.49665,12510,670
43.768440000000005,-79.38029,17587,460
43.76954,-79.18643,8763,1412
43.727428663000005,-79.38183647700001,7363,1250
43.75486,-79.36041,25050,1104
43.63132,-79.42941,12463,143
43.810880000000004,-79.25290000000001,16266,305
43.76704,-79.47518000000001,5225,437
43.659670000000006,-79.39993000000001,13806,1391
43.644287000000006,-79.394559,12364,538
43.741020000000006,-79.58096,11881,363
43.730540000000005,-79.57583000000001,13562,405
43.74602,-79.54112,8706,1664
43.64978,-79.43364000000001,12271,141
43.657570269000004,-79.515965134,18524,190
43.653000000000006,-79.52489,16142,333
43.71618,-79.29358,26928,86
43.7518,-79.46369,22058,216
43.7719,-79.46766000000001,10065,112
43.771226000000006,-79.47215700000001,2023,931
43.766346000000006,-79.494262,3756,185
43.771137077000006,-79.49711677500001,3982,350
43.774466559000004,-79.497001204,20431,1592
43.717574847,-79.429611429,6914,210
43.632630916000004,-79.425127395,6794,142
43.60858,-79.49032000000001,6789,509
43.611160000000005,-79.49000000000001,11809,438
43.72572,-79.5734,11810,174
43.74119,-79.53997000000001,12809,640
43.721720000000005,-79.57148000000001,13289,315
43.740585524000004,-79.585669041,14307,451
43.674073213,-79.469559749,9851,1186
43.78007,-79.41425000000001,5622,517
43.645257315,-79.35268223700001,15814,12802
43.612574261000006,-79.540461459,10961,127
43.700592130000004,-79.581344712,7643,59
43.735467,-79.290688,14910,23
43.694314423,-79.289590716,9633,2089
43.777153018,-79.427259907,15021,448
43.690337896,-79.448286576,15691,186
43.642183279,-79.509469529,10851,368
43.693250000000006,-79.50466,6812,506
43.726157,-79.622225,7890,374
43.833396648000004,-79.251221457,23281,101
43.700806091000004,-79.469645418,7108,199
43.799436002,-79.32029807100001,5174,485
43.806146481000006,-79.225610566,6019,327
43.83491,-79.251069,24156,66
43.835825436,-79.254536997,13073,384
43.834302,-79.26115,13293,122
43.816115,-79.32253700000001,3793,667
43.797542886,-79.413980744,7408,92
43.806835789000004,-79.310571369,10794,53
43.725303581000006,-79.276234441,8347,385
43.781342103,-79.137631135,6168,293
43.727672851,-79.277254611,9729,361
43.72439724,-79.243174417,5715,231
43.70642,-79.28942,6099,215
43.76661,-79.18563,5515,643
43.764261409,-79.216641447,6972,853
43.76487,-79.18486,5011,312
43.773207853,-79.220276467,6015,189
43.748650000000005,-79.23192,5316,126
43.835190752,-79.25727501600001,12872,402
43.78439,-79.41666000000001,25243,3285
43.744044538000004,-79.30075693900001,20967,367
43.69198,-79.31817000000001,5772,191
43.639261000000005,-79.410864,12200,796
43.65688,-79.35626,4535,828
43.63732,-79.39723000000001,23987,148
43.667879418000005,-79.379245227,12529,2028
43.623774357,-79.483187199,13569,531
43.67931,-79.52527,11434,155
43.740602933000005,-79.218056672,7831,355
43.758914454,-79.197786722,22524,416
43.77694,-79.41317000000001,7014,1718
43.732958864000004,-79.346925633,6333,1231
43.682901,-79.365943,16607,0
43.73908,-79.59279000000001,7704,362
43.746610000000004,-79.59647000000001,7966,180
43.68824,-79.56934000000001,10059,74
43.679968903,-79.433846907,9127,2767
43.795902962,-79.413300573,8158,177
43.695640000000004,-79.28478000000001,4328,659
43.809225078000004,-79.271400431,2481,1772
43.642390000000006,-79.38403000000001,6151,1675
43.69350321,-79.598849394,6621,32
43.730854463,-79.59964493000001,7139,532
43.71556,-79.56852,10711,318
43.696608693,-79.49093665800001,6354,797
43.665427433000005,-79.470588659,10253,1633
43.6941532,-79.5347476,5783,24
43.68921,-79.54083,6889,164
43.634475900000005,-79.5672014,13433,120
43.6397744,-79.54447640000001,10416,124
43.669180000000004,-79.56074000000001,6377,88
43.664390000000004,-79.55858,6733,131
43.6494298,-79.568681,5947,585
43.807158451,-79.332348169,12144,105
43.792100000000005,-79.19549,18097,270
43.719581766000005,-79.24728910600001,10565,225
43.720892906,-79.349645376,19745,186
43.708495348,-79.362993986,12669,435
43.77260454,-79.274524748,11557,414
43.771394996000005,-79.208952514,3300,315
43.718594,-79.273116,7130,178
43.710261376000005,-79.26461935,10216,325
43.727413000000006,-79.233407,6273,425
43.734819575,-79.301437639,10380,146
43.7589029,-79.214926,5375,30
43.731376053000005,-79.300021297,10670,202
43.814407100000004,-79.28674620000001,12170,112
43.8167867,-79.2769176,9668,87
43.7959918,-79.1650242,5960,169
43.807974,-79.25629020000001,8621,52
43.7987514,-79.328282,6743,58
43.789742757000006,-79.404968619,7167,164
43.631080000000004,-79.415553,21367,121
43.719128000000005,-79.516779,16172,107
43.652433706000004,-79.360906587,9522,487
43.74799,-79.46242000000001,29541,0
43.684584,-79.29730400000001,11609,586
43.693539400000006,-79.3115793,5614,218
43.754508,-79.443284,15906,639
43.805551,-79.211562,2748,83
43.726765222000004,-79.350632429,17086,61
43.61354,-79.53631,10375,109
43.70241,-79.52374,7939,421
43.62932,-79.47792000000001,7324,577
43.654296,-79.406841,10334,2241
43.7570011,-79.310442,10142,368
43.816962000000004,-79.22443770000001,7028,161
43.64696,-79.41983,5191,2270
43.6359325,-79.5197797,17753,263
43.765575600000005,-79.30223330000001,26701,93
43.7044726,-79.2696561,8222,327
43.7421269,-79.2826526,14072,172
43.739700000000006,-79.50967,12808,669
43.64961,-79.4298,8408,1895
43.734837000000006,-79.35434000000001,14164,26
43.780548,-79.432753,4454,69
43.781915000000005,-79.423911,4909,89
43.66481,-79.35521,8039,720
43.777480000000004,-79.44395,21210,81
43.81266,-79.2913,12410,26
43.810750000000006,-79.301297,15862,0
43.771262,-79.22979000000001,16976,30
43.661680000000004,-79.38989000000001,10185,3896
43.727503000000006,-79.480028,18967,810
43.805,-79.18665,11236,124
43.72858,-79.48247,20243,1118
43.731865600000006,-79.5112574,14363,218
43.725922000000004,-79.485461,11970,1049
43.69731,-79.52743000000001,5847,181
43.737860000000005,-79.52012,11842,167
43.70085,-79.50322,16521,670
43.777718,-79.511093,23809,66
43.773320000000005,-79.24623000000001,15139,168
43.77893,-79.27544,10778,173
43.81036,-79.22003000000001,4778,362
43.773312000000004,-79.416196,7449,560
43.771165,-79.416588,5833,282
43.798131000000005,-79.269608,8310,130
43.760450000000006,-79.48731000000001,4630,52
43.766976,-79.48970800000001,3016,23
43.776450000000004,-79.41734000000001,8164,702
43.67822,-79.39,13003,2560
43.794850000000004,-79.21961,6089,37
43.796931,-79.272693,14962,148
43.61912,-79.55527000000001,10004,168
43.750420000000005,-79.24442,13136,233
43.673046,-79.472209,4240,176
43.74985,-79.63929,29577,19
43.641450000000006,-79.39882,5875,1283
43.646814000000006,-79.430379,8849,1094
43.664817,-79.39112200000001,10549,5398
43.76212,-79.25833,13987,404
43.660267000000005,-79.415841,8789,1311
43.78332,-79.17062,4889,128
43.7227,-79.25566400000001,10715,304
43.765777902,-79.409081787,8357,1111
43.705290000000005,-79.36148,13845,323
43.721814,-79.274485,9087,149
43.636654,-79.438553,5774,908
43.767039000000004,-79.501185,6160,1504
43.759258,-79.59702200000001,18164,101
43.747310000000006,-79.564383,15773,368
43.644092,-79.481907,10267,283
43.641464000000006,-79.557686,10997,258
43.632309,-79.55368800000001,8575,615
43.784094,-79.29715200000001,4677,1734
43.756079,-79.314615,20133,566
43.651875000000004,-79.369856,8624,3453
43.642696,-79.43745200000001,6127,1245
43.694396000000005,-79.308279,5471,498
43.66649,-79.37582900000001,6199,2798
43.645156,-79.36550000000001,6142,717
43.7239401,-79.4478043,5496,404
43.7232737,-79.4508239,4737,265
43.6419137,-79.4040669,13974,2290
43.714339,-79.45238,12634,180
43.650654,-79.443039,13910,955
43.714761,-79.585239,17241,89
43.722556000000004,-79.500476,14968,184
43.670549,-79.389803,11291,13132
43.6719226,-73.3896419,7803,5014
43.733636000000004,-79.59041,9306,547
43.771587,-79.45443,14814,298
43.696138,-79.520892,8437,39
43.712225000000004,-79.478857,18937,172
43.669371,-79.591652,20163,2
43.63767,-79.39191000000001,8423,2887
43.637832657000004,-79.39096678700001,7022,1604
43.638797516000004,-79.386772414,6665,2434
43.639449055,-79.382923973,7181,2104
43.639907613000005,-79.380398764,9230,4629
43.641096271,-79.377041249,11043,12772
43.636616078,-79.396928931,5781,1156
43.718305685000004,-79.331606835,5921,982
43.644885202000005,-79.47859223500001,6488,634
43.711966953,-79.330475881,7447,1316
43.6769472,-79.4893603,8780,498
43.825259163000005,-79.19681220700001,1081,0
43.818186976,-79.173580043,1982,16
